"","ID","Description","setSize","enrichmentScore","NES","pvalue","p.adjust","qvalue","rank","leading_edge","core_enrichment"
"GO:0009725","GO:0009725","response to hormone",382,0.805520442528332,1.5038198519054,1e-10,3.578e-07,2.96631578947368e-07,186,"tags=21%, list=6%, signal=23%","5743/2099/367/760/4843/10499/5468/2932/890/5292/2100/4129/6256/1432/2908/836/7124/148/596/590/5241/5970/150/5139/1509/3725/2155/8648/3569/3791/4306/207/842/6714/2353/3553/3586/5594/4846/847/7040/5595/4780/595/2805/6774/5579/5972/1277/5447/1728/1026/5578/4313/6720/5465/1956/7442/2641/6772/6517/3480/5313/23411/4842/3643/1636/4048/5315/3692/1906/2475/1545/142/6528/2720/2875/1385/3630/4790"
"GO:0033993","GO:0033993","response to lipid",382,0.79769208033908,1.48920514339328,6.76738724008729e-10,1.21068557725162e-06,1.00371038118768e-06,194,"tags=21%, list=6%, signal=23%","5743/2099/367/4843/10499/5468/2932/890/5292/2100/4129/6256/1432/2908/836/7124/596/6532/590/5241/5970/5139/3725/2155/8648/3569/4306/207/842/6714/3576/2353/841/3553/3586/5594/4846/4318/847/7040/5595/1543/5599/7412/4792/2805/6774/5579/2950/5972/1277/1728/6401/1019/1026/5578/4353/7099/4313/6720/5465/1956/7299/6347/3480/5054/196/4057/23411/3593/4842/1636/1906/1545/142/6528/2720/1385/4790/653361/5290/834"
"GO:0071396","GO:0071396","cellular response to lipid",235,0.817294104917532,1.53558677083239,2.26639952704309e-07,0.000240621774261786,0.000199485793259896,194,"tags=25%, list=6%, signal=25%","5743/2099/367/4843/2932/890/5292/2100/6256/1432/2908/7124/6532/5241/5970/5139/8648/3569/4306/207/842/6714/3576/2353/3553/3586/5594/4846/4318/7040/5595/5599/4792/2950/1277/1019/5578/7099/4313/6720/5465/1956/6347/3480/5054/196/4057/23411/3593/1636/1906/1545/142/6528/1385/4790/653361/834"
"GO:1901698","GO:1901698","response to nitrogen compound",476,0.754195885484712,1.40892017674765,2.69001424552024e-07,0.000240621774261786,0.000199485793259896,212,"tags=20%, list=7%, signal=22%","5743/760/43/1017/10499/5468/1128/1800/2932/890/154/1129/1131/1432/1111/6531/836/7124/6532/590/5970/150/5139/1509/2155/8648/3569/1139/3791/207/6714/2353/4988/3553/3586/7157/5594/4318/847/3383/18/7040/5595/4780/1135/7412/4792/3558/2805/6774/5579/3359/5972/1277/1728/5578/7099/4313/6720/5465/598/1956/7442/7299/2641/6772/6517/983/3480/5313/196/23411/3643/1636/4048/5315/3692/1906/2475/3309/1545/142/6528/2875/1385/2902/3630/4790/1812/5290/50506/2944/5294/2697"
"GO:0007267","GO:0007267","cell-cell signaling",483,0.749979212766033,1.39964687781894,4.64032380229122e-07,0.00033206157129196,0.00027529331526014,187,"tags=13%, list=6%, signal=15%","5743/367/760/4843/43/5468/2554/1128/2932/154/2100/6530/4129/1129/1131/6331/2908/6531/147/7124/146/148/6532/590/5241/2891/5970/150/3569/1139/207/4988/3553/5594/152/18/3458/240/5595/1135/5728/3558/5579/3359/5972/1728/5578/3091/6720/1956/7442/2641/6347/3156/1636/5327/151/1906/1385/2902/3630/650/1812"
"GO:0048545","GO:0048545","response to steroid hormone",138,0.855224736105623,1.62999368216824,8.13113268842152e-07,0.000441728873190241,0.000366212222250036,176,"tags=28%, list=6%, signal=27%","5743/2099/367/10499/2100/4129/6256/2908/836/7124/596/590/5241/5970/5139/3725/8648/3569/4306/842/6714/2353/3586/5594/7040/2805/1277/1026/6720/5465/1956/3480/23411/1636/1906/1545/142/2720"
"GO:1901699","GO:1901699","cellular response to nitrogen compound",311,0.782767972488133,1.45851949753833,8.64198466274926e-07,0.000441728873190241,0.000366212222250036,193,"tags=21%, list=6%, signal=22%","5743/760/43/1017/10499/5468/1128/1800/2932/890/154/1129/1131/1111/836/7124/6532/5970/5139/1509/8648/1139/3791/207/6714/2353/4988/3553/7157/5594/3383/7040/5595/4780/1135/7412/2805/6774/5579/3359/5578/7099/6720/598/1956/7442/2641/6772/6517/3480/5313/196/23411/3643/1636/5315/1906/2475/1545/142/6528/2875/3630/4790/1812/5290"
"GO:0008284","GO:0008284","positive regulation of cell population proliferation",314,0.78064056199882,1.4545819740198,1.97768746527125e-06,0.000643287795521867,0.000533313232261664,285,"tags=26%, list=10%, signal=26%","5743/1803/2099/367/1017/890/5292/6331/1432/7124/146/596/5970/150/3725/3569/1139/3791/207/3162/7422/6714/3553/3586/5594/4318/3458/7040/5595/4609/595/5728/7412/3558/6774/1019/1026/5578/7099/4313/3091/598/1956/2152/6772/983/3037/3565/3480/4057/23411/3593/3643/891/1906/3630/650/5290/3592/2697/2335/5467/3552/60/3627/3105/728/100/1950/332/2064/994/1991/5562/4860/183/86/3481/6376/729230/51412"
"GO:0045893","GO:0045893","positive regulation of DNA-templated transcription",337,0.771307028963411,1.43845405206786,1.84011280367291e-06,0.000643287795521867,0.000533313232261664,285,"tags=22%, list=10%, signal=23%","2099/367/1017/10499/5468/890/5292/154/2100/6256/1432/2908/7124/5241/5970/3725/8648/3569/3757/207/7422/2353/3553/3586/7157/3458/7040/5595/4780/4609/4792/3558/6774/5579/1277/10891/7099/3091/6720/5465/1956/6772/3565/196/23411/4842/3643/5315/1906/7018/2475/3309/142/1385/9970/2902/650/4790/5467/3552/60/3627/8856/1950/2064/5443/6257/5562/5925/10096/183/86/3481/6376/51412"
"GO:1902680","GO:1902680","positive regulation of RNA biosynthetic process",337,0.771307028963411,1.43845405206786,1.84011280367291e-06,0.000643287795521867,0.000533313232261664,285,"tags=22%, list=10%, signal=23%","2099/367/1017/10499/5468/890/5292/154/2100/6256/1432/2908/7124/5241/5970/3725/8648/3569/3757/207/7422/2353/3553/3586/7157/3458/7040/5595/4780/4609/4792/3558/6774/5579/1277/10891/7099/3091/6720/5465/1956/6772/3565/196/23411/4842/3643/5315/1906/7018/2475/3309/142/1385/9970/2902/650/4790/5467/3552/60/3627/8856/1950/2064/5443/6257/5562/5925/10096/183/86/3481/6376/51412"
"GO:0045935","GO:0045935","positive regulation of nucleobase-containing compound metabolic process",395,0.761634728914319,1.42203475326841,1.87450644343686e-06,0.000643287795521867,0.000533313232261664,285,"tags=22%, list=10%, signal=22%","2099/367/1017/10499/5468/890/5292/154/2100/6256/1432/2908/7124/5241/5970/581/3725/8648/3569/3757/207/7422/6714/2353/3553/3586/7157/5594/4846/3458/7040/5595/4780/4609/4792/3558/6774/5579/1277/10891/1026/7099/3091/6720/5465/1956/6772/983/3565/3480/196/23411/4842/3643/5315/1906/7018/2475/3309/1545/142/1385/9970/2902/3630/650/4790/5467/3552/60/3627/8856/1950/2064/5443/5563/6257/5562/5925/10096/183/86/3481/6376/51412"
"GO:0010558","GO:0010558","negative regulation of macromolecule biosynthetic process",418,0.751368858678749,1.40505439584434,2.45920042233834e-06,0.000733251592593882,0.000607897086855215,257,"tags=18%, list=9%, signal=19%","2099/367/4843/1017/10499/5468/2932/2100/6256/1432/1111/2908/836/7124/5241/5970/3725/3569/1139/3791/207/7422/6714/3576/3586/7157/5328/3458/7040/4609/595/7498/6774/5569/2950/1026/5578/7099/3091/6720/5465/7442/6772/983/3565/5054/4985/196/4057/23411/3593/1636/5327/3692/1906/142/1385/9970/3630/650/4790/5879/5290/3592/2697/2335/3134/5467/8856/2534/332/5443/5563/1991/5562/5925"
"GO:0051254","GO:0051254","positive regulation of RNA metabolic process",355,0.763657934293272,1.42389847722429,3.31904850978832e-06,0.000913504274463279,0.000757334307739554,285,"tags=21%, list=10%, signal=22%","2099/367/1017/10499/5468/890/5292/154/2100/6256/1432/2908/7124/5241/5970/3725/8648/3569/3757/207/7422/2353/3553/3586/7157/3458/7040/5595/4780/4609/4792/3558/6774/5579/1277/10891/7099/3091/6720/5465/1956/6772/3565/196/23411/4842/3643/5315/1906/7018/2475/3309/142/1385/9970/2902/650/4790/5467/3552/60/3627/8856/1950/2064/5443/6257/5562/5925/10096/183/86/3481/6376/51412"
"GO:0036293","GO:0036293","response to decreased oxygen levels",154,0.831998110106074,1.58596817655092,3.97490713155087e-06,0.00101587269404921,0.000842202127572206,168,"tags=24%, list=6%, signal=24%","5743/1803/4843/5468/890/836/7124/596/6532/2155/1139/207/842/7422/6714/2353/7157/847/5328/18/7040/1543/4780/4609/7412/4313/3091/5465/6517/5313/4985/23411/4842/1636/5327/1906/2475"
"GO:0070482","GO:0070482","response to oxygen levels",162,0.826428279379656,1.5730516360795,4.9426886038967e-06,0.00117899598831616,0.000977438349879361,168,"tags=24%, list=6%, signal=24%","5743/1803/4843/5468/890/836/7124/596/6532/2155/1139/207/842/7422/6714/2353/7157/847/5328/18/7040/1543/4780/4609/7412/1277/1026/4313/3091/5465/6517/5313/4985/23411/4842/1636/5327/1906/2475"
"GO:0032880","GO:0032880","regulation of protein localization",261,0.786264097501146,1.47092956279306,5.63396314684674e-06,0.0012598950087136,0.00104450711498777,256,"tags=20%, list=9%, signal=20%","5743/367/4843/43/5468/1128/2932/1131/1432/7124/596/150/1509/3569/207/7422/6714/4988/3553/152/18/3458/7040/240/5599/5569/5579/5578/7099/3091/6720/598/1956/2641/983/3156/3593/2752/1906/2475/142/3630/5290/3592/5467/3552/60/2746/2534/1950/2064/5563/5562"
"GO:0051049","GO:0051049","regulation of transport",498,0.732904525585761,1.36825804877606,6.18698357636868e-06,0.00130217807272042,0.00107956159245863,240,"tags=18%, list=8%, signal=20%","5743/760/4843/43/5468/1128/2932/5292/154/4129/6256/1131/6331/808/1432/836/7124/596/6532/150/581/3569/3757/207/7422/6714/6647/4988/3553/5594/4846/4318/152/18/3458/7040/240/5595/4780/5728/4792/5569/5579/5972/6401/5444/5578/7099/3091/6720/5465/598/1956/2641/5733/983/6347/3565/3156/5054/4985/23411/3593/4842/3643/1636/151/1906/7018/1385/2902/3630/650/4790/1812/5879/3592/5291/51422/5294/2697/3134/5467/3552/60/3627/2746/5243/100/2534/1950"
"GO:0001666","GO:0001666","response to hypoxia",150,0.832409139827272,1.58425684399245,7.15545155296578e-06,0.001329821770933,0.00110247940645735,168,"tags=24%, list=6%, signal=24%","5743/1803/4843/5468/890/836/7124/596/6532/2155/1139/842/7422/6714/2353/7157/847/5328/18/7040/1543/4780/4609/7412/4313/3091/5465/6517/5313/4985/23411/4842/1636/5327/1906/2475"
"GO:0071495","GO:0071495","cellular response to endogenous stimulus",403,0.752892425800969,1.40690122621511,7.43332459996087e-06,0.001329821770933,0.00110247940645735,186,"tags=19%, list=6%, signal=21%","2099/367/760/10499/5468/2932/890/5292/2100/6256/1432/2908/836/5241/5970/150/5139/1509/3725/8648/3791/4306/207/842/7422/6714/3576/2353/3553/3586/7157/5594/847/7040/5595/4780/7498/7412/2805/6774/5579/5972/1277/5578/7099/3091/6720/5465/1956/7442/2641/6772/6517/3037/6347/3565/3480/5313/59/4985/23411/3593/4842/3643/1636/5315/1906/2475/3309/1545/142/6528/2875/1385/3630/650/4790"
"GO:0010605","GO:0010605","negative regulation of macromolecule metabolic process",491,0.73123819977013,1.36499287638299,7.29438803645544e-06,0.001329821770933,0.00110247940645735,257,"tags=17%, list=9%, signal=18%","2099/367/4843/1017/10499/5468/2932/2100/6256/808/1432/1111/2908/836/7124/5241/5970/3725/3569/1139/3791/207/7422/6714/3576/3553/3586/7157/5328/3458/7040/4609/595/7498/5728/6774/5569/2950/1728/1026/5578/7099/3091/6720/5465/1956/7442/6772/983/3565/3156/5054/4985/196/4057/23411/3593/1636/5327/3692/1906/142/1385/9970/3630/650/4790/5879/5290/3592/51422/2697/2335/3134/5467/8856/2534/332/5443/5563/1991/5562/5925"
"GO:0009890","GO:0009890","negative regulation of biosynthetic process",434,0.744363762344455,1.39099392045886,7.8501347280943e-06,0.0013375134312915,0.00110885612349723,257,"tags=18%, list=9%, signal=19%","2099/367/4843/1017/10499/5468/2932/2100/6256/1432/1111/2908/836/7124/5241/5970/3725/3569/1139/3791/207/7422/6714/3576/4988/3586/7157/5328/3458/7040/4609/595/7498/6774/5569/2950/1026/5578/7099/3091/6720/5465/7442/6772/983/3565/5054/4985/196/4057/23411/3593/1636/5327/3692/1906/142/1385/9970/3630/650/4790/5879/5290/3592/2697/2335/3134/5467/8856/2534/332/5443/387/5563/1991/5562/5925"
"GO:0032870","GO:0032870","cellular response to hormone stimulus",258,0.784697545216196,1.4692797095464,9.23950556481322e-06,0.00139816952893638,0.00115914263556315,193,"tags=21%, list=6%, signal=21%","2099/367/760/10499/5468/2932/890/5292/2100/6256/2908/5241/5970/150/5139/1509/8648/3791/4306/207/842/6714/2353/3553/5594/7040/5595/4780/2805/6774/5579/5972/5578/6720/5465/1956/2641/6772/6517/3480/5313/23411/3643/1636/5315/1906/2475/1545/142/6528/2875/3630/4790/5290"
"GO:0045944","GO:0045944","positive regulation of transcription by RNA polymerase II",261,0.78273723251391,1.4643315634819,9.23950556481322e-06,0.00139816952893638,0.00115914263556315,186,"tags=19%, list=6%, signal=19%","2099/367/10499/5468/154/2100/6256/1432/2908/7124/5241/5970/3725/8648/3569/207/7422/2353/3553/3586/7157/3458/7040/5595/4780/4609/4792/3558/6774/10891/7099/3091/6720/5465/1956/6772/3565/196/23411/4842/5315/1906/3309/142/1385/9970/2902/650/4790"
"GO:0060341","GO:0060341","regulation of cellular localization",288,0.778105907444515,1.45526388161452,9.37844289951735e-06,0.00139816952893638,0.00115914263556315,242,"tags=19%, list=8%, signal=20%","5743/367/4843/43/5468/1128/2932/1131/1432/7124/596/150/581/1509/3569/207/7422/6714/4988/3553/5594/152/18/3458/7040/240/5595/5599/5569/5579/5578/7099/3091/6720/598/1956/2641/983/3156/3593/4842/2752/1906/2475/142/2902/3630/5290/3592/5467/3552/60/2746/2534/1950/2064"
"GO:0030522","GO:0030522","intracellular receptor signaling pathway",98,0.866070002235989,1.66415235979524,1.00731301065996e-05,0.00140533761662534,0.0011650852883558,185,"tags=28%, list=6%, signal=27%","2099/367/10499/5468/5292/2100/6256/2908/7124/5241/5970/8648/4306/207/6714/5594/5599/4792/6774/7099/6720/5465/196/23411/142/9970/650"
"GO:0009628","GO:0009628","response to abiotic stimulus",416,0.747962363681366,1.39853585198709,1.02120676445665e-05,0.00140533761662534,0.0011650852883558,239,"tags=22%, list=8%, signal=23%","5743/1803/4843/5468/2932/890/154/1432/1111/836/7124/596/6532/153/5970/581/231/2155/1139/207/842/3162/7422/6714/6647/2353/841/3553/7157/4846/4318/847/5328/18/7040/5595/1543/4780/4609/5599/595/5728/7412/4792/1277/1728/4312/1026/4353/7099/4313/3091/5465/598/1956/7442/5424/7299/6772/6517/3480/3156/5313/4985/23411/3593/4842/1636/5327/1906/2475/6010/1116/142/2902/650/4790/1812/5290/834/3592/5291/2697/5467/3552/3627/355/155/100/2534"
"GO:0042981","GO:0042981","regulation of apoptotic process",467,0.729018587487924,1.36256027515225,1.16014444551818e-05,0.00153740623187558,0.00127457584696696,282,"tags=21%, list=9%, signal=23%","5743/2099/367/5468/1800/2932/5292/2908/836/7124/596/5970/581/5139/1509/231/3725/8648/3569/3791/207/842/3162/7422/6714/6647/841/3553/3586/7157/4846/4318/847/3383/3458/7040/4780/4609/5599/595/3558/2950/10891/1728/1026/5578/4353/7099/4313/3091/5465/598/1956/7442/2152/2641/6772/983/6347/3565/3480/5054/4057/23411/3593/1636/1906/2475/3309/1545/142/1385/3630/650/4790/5290/834/3135/3592/5291/5294/5467/3552/60/3627/355/100/2534/332/2064/387/5563/70/5562/5925/183/6648/86/627/6376"
"GO:0000122","GO:0000122","negative regulation of transcription by RNA polymerase II",164,0.824069543019535,1.56702242319559,1.21571957830383e-05,0.00155137261578573,0.00128615457953111,186,"tags=19%, list=6%, signal=19%","2099/367/1017/10499/5468/2100/6256/2908/7124/5970/3725/7422/6714/7157/3458/7040/4609/595/6774/5569/6720/5465/7442/6772/3565/23411/1906/142/9970/650/4790"
"GO:0008104","GO:0008104","protein localization",445,0.729612381998327,1.36130411916647,1.25740094627686e-05,0.00155137261578573,0.00128615457953111,257,"tags=15%, list=9%, signal=16%","5743/2099/367/4843/43/5468/1128/2932/1131/1432/7124/596/5241/150/581/1509/3569/207/7422/6714/4988/3553/7157/152/18/3458/7040/240/5599/4792/6774/5569/5579/1277/1026/5578/7099/3091/6720/598/1956/2641/983/3156/3593/2752/1906/2475/3309/142/3630/1812/653361/5290/338/3592/2697/5467/3552/60/2746/2534/1950/2064/5563/5562/5925"
"GO:0141193","GO:0141193","nuclear receptor-mediated signaling pathway",47,0.917926871148897,1.79312705857507,1.49400628169853e-05,0.00178185149197245,0.00147723147432507,75,"tags=28%, list=3%, signal=27%","2099/367/10499/5468/5292/2100/6256/2908/5241/8648/4306/6714/5594"
"GO:0003013","GO:0003013","circulatory system process",234,0.786660962965919,1.47731666368027,1.88495099548103e-05,0.00217559827801005,0.00180366448396114,274,"tags=26%, list=9%, signal=26%","5743/367/4843/5742/5468/154/1129/6331/808/147/7124/146/148/6532/153/150/5139/3757/7422/6714/6647/4846/152/18/7040/5972/4313/6720/5465/1956/7442/6772/6517/59/4842/3643/1636/151/1906/2475/6528/3630/1812/5290/8884/5294/2697/4973/5467/3627/5243/155/100/2534/5443/6915/387/70/183/6648/6340"
"GO:0051223","GO:0051223","regulation of protein transport",159,0.822012180700599,1.56561720324935,2.13627346883417e-05,0.0023886207723402,0.00198026928788641,155,"tags=19%, list=5%, signal=19%","5743/4843/43/5468/1128/2932/1131/1432/7124/150/3569/6714/4988/3553/152/18/3458/7040/240/5569/5579/5578/7099/3091/6720/1956/2641/983/3156/3593"
"GO:0070201","GO:0070201","regulation of establishment of protein localization",181,0.806720471443231,1.52800679972344,2.30382203017519e-05,0.00246935277065097,0.00204719958450603,155,"tags=18%, list=5%, signal=18%","5743/4843/43/5468/1128/2932/1131/1432/7124/150/1509/3569/6714/4988/3553/152/18/3458/7040/240/5599/5569/5579/5578/7099/3091/6720/1956/2641/983/3156/3593"
"GO:0035295","GO:0035295","tube development",351,0.747938600327432,1.39461556147056,2.35967158552559e-05,0.00246935277065097,0.00204719958450603,320,"tags=26%, list=11%, signal=26%","5743/2099/367/5468/1432/2908/836/7124/596/5241/5970/581/231/3569/1139/3791/207/3162/7422/6714/3576/841/3553/3586/5594/4846/847/7040/240/5595/1543/4780/4609/7498/6774/5579/1544/1026/5578/4313/3091/6720/1956/2152/6772/3037/6347/5054/23411/3593/1636/2752/4048/5315/151/1906/1545/1116/1385/650/5290/3135/338/3592/5291/5294/2697/2335/3552/3627/728/100/2534/1950/2064/506/6915/387/5925/183/71/6376/729230/3716/4914/64218/8877/718/3596/1499/5293"
"GO:0051094","GO:0051094","positive regulation of developmental process",396,0.738981801943816,1.38020699124663,2.41552115631034e-05,0.00246935277065097,0.00204719958450603,320,"tags=24%, list=11%, signal=25%","5743/367/10499/5468/2932/5292/154/6256/1432/6531/7124/596/5970/581/5139/8648/3569/1139/3791/207/3162/7422/6714/3576/2353/4988/841/3553/3586/4846/152/3458/7040/240/4780/4609/595/3558/6774/5579/1277/5578/3091/1956/2152/6772/983/3565/3480/5054/4057/23411/3593/3643/1636/5315/151/1906/2475/1545/1116/142/1385/3630/650/4790/3135/338/2697/2335/5467/3552/60/728/100/1950/6915/387/6257/5562/5925/4860/183/6648/86/3481/627/6376/51412/3716/4914/64218/8877/718/3596/1499/5293"
"GO:0045934","GO:0045934","negative regulation of nucleobase-containing compound metabolic process",250,0.775924955712023,1.45758908921188,2.83439333707897e-05,0.00281707204446349,0.00233547380815454,186,"tags=15%, list=6%, signal=15%","2099/367/1017/10499/5468/2100/6256/1432/1111/2908/7124/5970/3725/7422/6714/7157/3458/7040/4609/595/6774/5569/1026/3091/6720/5465/7442/6772/3565/196/23411/1906/142/1385/9970/650/4790"
"GO:1902893","GO:1902893","regulation of miRNA transcription",37,0.924372835978923,1.81086887939512,3.05889267404814e-05,0.00288018894414323,0.00238780043087747,130,"tags=51%, list=4%, signal=50%","2099/367/5468/2908/7124/5970/3725/3569/7422/2353/3586/7157/7040/4609/6774/3091/6720/5465/1956"
"GO:0048511","GO:0048511","rhythmic process",122,0.834317027181549,1.59134932429524,3.00276779217528e-05,0.00288018894414323,0.00238780043087747,178,"tags=25%, list=6%, signal=25%","2099/4843/10499/5468/2932/836/7124/6532/5241/153/2155/8648/6714/7157/4846/5599/5728/10891/4313/6720/5465/1956/983/3037/3480/196/23411/2475/1545/142/1385"
"GO:0008015","GO:0008015","blood circulation",205,0.79818375691791,1.50687898132416,3.17114252294085e-05,0.00288679076712116,0.0023932736258855,274,"tags=27%, list=9%, signal=26%","5743/367/4843/5742/5468/154/1129/6331/808/147/7124/146/148/6532/153/150/5139/3757/7422/6714/6647/4846/152/18/7040/5972/4313/6720/5465/1956/7442/6772/59/4842/1636/151/1906/2475/3630/1812/5290/5294/2697/4973/5467/3627/155/100/5443/6915/387/70/183/6648/6340"
"GO:0035239","GO:0035239","tube morphogenesis",287,0.766966052884268,1.43391967101647,3.22726748699962e-05,0.00288679076712116,0.0023932736258855,320,"tags=27%, list=11%, signal=27%","5743/2099/367/5468/1432/2908/836/7124/596/5241/5970/581/3569/1139/3791/207/3162/7422/6714/3576/841/3553/3586/4846/7040/240/4780/4609/7498/6774/5579/5578/4313/3091/1956/2152/6772/3037/6347/5054/23411/3593/1636/2752/5315/151/1906/1545/1116/650/5290/3135/338/3592/5291/5294/2697/2335/3552/3627/728/2534/1950/2064/506/6915/387/183/71/6376/729230/3716/4914/64218/8877/718/1499/5293"
"GO:0009410","GO:0009410","response to xenobiotic stimulus",188,0.804626957623019,1.5235600262083,3.45176757726459e-05,0.00294057723606016,0.00243786492048411,268,"tags=32%, list=9%, signal=32%","5743/4843/1800/6530/4129/6531/836/7124/148/596/6532/590/5970/5139/3757/6714/6647/2353/3553/3586/7157/847/18/7040/1543/4780/4609/595/1576/5579/2950/1544/5972/1277/5447/1728/1019/1026/4313/6720/1956/6772/983/196/4842/1636/1906/1545/1385/2902/1812/2944/8856/5243/100/6915/5563/5562/5925/4860/6648"
"GO:0043067","GO:0043067","regulation of programmed cell death",479,0.724300230550803,1.35258158117682,3.45176757726459e-05,0.00294057723606016,0.00243786492048411,282,"tags=21%, list=9%, signal=23%","5743/2099/367/5468/1800/2932/5292/2908/836/7124/596/5970/581/5139/1509/231/3725/8648/3569/3791/207/842/3162/7422/6714/6647/841/3553/3586/7157/4846/4318/847/3383/3458/7040/4780/4609/5599/595/3558/2950/10891/1728/1026/5578/4353/7099/4313/3091/5465/598/1956/7442/2152/2641/6772/983/6347/3565/3480/5054/4057/23411/3593/1636/1906/2475/3309/1545/142/1385/3630/650/4790/5290/834/3135/3592/5291/5294/5467/3552/60/3627/355/100/2534/332/2064/5443/387/5563/70/5562/5925/183/6648/86/627/6376"
"GO:0043066","GO:0043066","negative regulation of apoptotic process",296,0.761282699620479,1.4211679039052,3.90076867104672e-05,0.00324580239651283,0.00269090969767678,257,"tags=24%, list=9%, signal=24%","5743/2099/367/1800/2932/5292/7124/596/5970/581/5139/231/3569/3791/207/3162/7422/6714/6647/3553/3586/7157/4846/4318/847/3383/4780/4609/5599/595/3558/2950/10891/1728/1026/5578/4353/3091/5465/598/1956/2641/983/6347/3565/3480/5054/4057/23411/1906/2475/3309/1385/3630/4790/5290/5291/5294/5467/3552/355/100/2534/332/2064/387/5563/70/5562/5925"
"GO:0045892","GO:0045892","negative regulation of DNA-templated transcription",211,0.788096846242594,1.48322801821335,4.12526957517513e-05,0.00328004767555036,0.00271930050592831,186,"tags=16%, list=6%, signal=16%","2099/367/1017/10499/5468/2100/6256/2908/7124/5970/3725/7422/6714/7157/3458/7040/4609/595/6774/5569/3091/6720/5465/7442/6772/3565/196/23411/1906/142/1385/9970/650/4790"
"GO:0070727","GO:0070727","cellular macromolecule localization",447,0.728325310554088,1.35958372442241,4.06914433020287e-05,0.00328004767555036,0.00271930050592831,257,"tags=15%, list=9%, signal=16%","5743/2099/367/4843/43/5468/1128/2932/1131/1432/7124/596/5241/150/581/1509/3569/207/7422/6714/4988/3553/7157/152/18/3458/7040/240/5599/4792/6774/5569/5579/1277/1026/5578/7099/3091/6720/598/1956/2641/983/3156/3593/2752/1906/2475/3309/142/3630/1812/653361/5290/338/3592/2697/5467/3552/60/2746/2534/1950/2064/5563/5562/5925"
"GO:0061614","GO:0061614","miRNA transcription",38,0.923634273276879,1.80590295730952,4.46202127682067e-05,0.00347067654966617,0.00287734003617406,130,"tags=50%, list=4%, signal=48%","2099/367/5468/2908/7124/5970/3725/3569/7422/2353/3586/7157/7040/4609/6774/3091/6720/5465/1956"
"GO:0071705","GO:0071705","nitrogen compound transport",397,0.733507354809731,1.3699548567005,4.68652260294322e-05,0.00349341205694393,0.00289618874892412,234,"tags=15%, list=8%, signal=16%","5743/760/4843/43/5468/1128/2932/6530/4129/1131/1432/6531/7124/6532/150/3569/207/6714/4988/3553/7157/152/18/3458/7040/240/4792/6774/5569/5579/1277/1026/5578/7099/3091/6720/1956/7442/2641/983/3156/3593/4842/151/1906/3309/160728/3630/1812/60482/8884/338/3592/2697/5467/3552/60/2746/5243"
"GO:0006366","GO:0006366","transcription by RNA polymerase II",401,0.731144061743594,1.36608256993136,4.68652260294322e-05,0.00349341205694393,0.00289618874892412,285,"tags=19%, list=10%, signal=20%","2099/367/1017/10499/5468/154/2100/6256/1432/2908/7124/5241/5970/3725/8648/3569/4306/207/3162/7422/6714/2353/3553/3586/7157/5594/3458/7040/5595/4780/4609/595/5728/4792/3558/6774/5569/5579/10891/1019/7099/3091/6720/5465/1956/7442/6772/983/3565/196/23411/4842/5315/1906/3309/142/1385/9970/2902/650/4790/5467/3552/60/3627/8856/728/5443/387/1991/6257/5925/10096/6648/86/3481/6376/51412"
"GO:0048585","GO:0048585","negative regulation of response to stimulus",463,0.722337448749589,1.34956392702646,4.91102405788506e-05,0.00358604981206383,0.00297298942967134,284,"tags=19%, list=9%, signal=20%","5743/1803/2099/367/5468/2932/5292/154/1432/6531/7124/596/5970/150/581/5139/3569/207/3162/6714/6647/3576/4988/841/3553/3586/7157/4846/4318/5328/3383/7040/240/5595/4780/4609/7498/5728/4792/3558/6774/5569/5579/2950/7099/3091/5465/598/1956/6772/6347/3565/3480/5054/196/4057/23411/3593/5327/1906/2475/3309/142/3630/650/4790/1812/3135/3106/3592/5291/3134/5467/3552/3105/100/2534/387/5563/1991/5562/5925/183/6648/116443/627/6376/729230"
"GO:0023057","GO:0023057","negative regulation of signaling",384,0.738799989506432,1.37963690284713,5.1355256247532e-05,0.00367498213707339,0.00304671814959042,212,"tags=16%, list=7%, signal=17%","5743/2099/367/43/5468/2932/154/1432/7124/596/6532/590/5970/150/581/5139/3569/207/3162/6714/3576/4988/841/3553/3586/7157/4846/4318/152/3383/5595/4780/4609/7498/5728/4792/5569/5579/2950/7099/3091/6720/5465/598/1956/6772/3480/5054/4057/23411/3593/1906/2475/3309/142/3630/650/1812/3135/3592/5291/2697"
"GO:0010629","GO:0010629","negative regulation of gene expression",264,0.761415330554098,1.42241546234905,5.8095838185476e-05,0.00407505834796172,0.00337839852447887,264,"tags=22%, list=9%, signal=22%","2099/4843/1017/5468/2932/1432/1111/836/7124/5241/3569/1139/3791/207/7422/6714/3576/3586/7157/5328/3458/7040/4609/7498/6774/2950/1026/5578/7099/3091/5465/983/3565/5054/4985/4057/23411/3593/1636/5327/3692/1906/3630/650/4790/5879/5290/3592/2697/2335/3134/2534/5443/5563/1991/5562/5925/183"
"GO:0043069","GO:0043069","negative regulation of programmed cell death",304,0.75762442653093,1.41456176704897,5.92238776115174e-05,0.00407505834796172,0.00337839852447887,257,"tags=23%, list=9%, signal=24%","5743/2099/367/1800/2932/5292/7124/596/5970/581/5139/231/3569/3791/207/3162/7422/6714/6647/841/3553/3586/7157/4846/4318/847/3383/4780/4609/5599/595/3558/2950/10891/1728/1026/5578/4353/3091/5465/598/1956/2641/983/6347/3565/3480/5054/4057/23411/1906/2475/3309/1385/3630/4790/5290/5291/5294/5467/3552/355/100/2534/332/2064/387/5563/70/5562/5925"
"GO:0051222","GO:0051222","positive regulation of protein transport",93,0.853084910943405,1.63812122420158,6.26079996471421e-05,0.0041483596803236,0.00343916847964223,141,"tags=22%, list=5%, signal=21%","5743/43/5468/1128/2932/1131/1432/7124/6714/3553/18/3458/7040/5579/5578/7099/3091/1956/2641/983"
"GO:0010648","GO:0010648","negative regulation of cell communication",385,0.738135895219156,1.37821161758075,6.14799583768156e-05,0.0041483596803236,0.00343916847964223,212,"tags=16%, list=7%, signal=17%","5743/2099/367/43/5468/2932/154/1432/7124/596/6532/590/5970/150/581/5139/3569/207/3162/6714/3576/4988/841/3553/3586/7157/4846/4318/152/3383/5595/4780/4609/7498/5728/4792/5569/5579/2950/7099/3091/6720/5465/598/1956/6772/3480/5054/4057/23411/3593/1906/2475/3309/142/3630/650/1812/3135/3592/5291/2697"
"GO:0010586","GO:0010586","miRNA metabolic process",44,0.910413523074377,1.77593250744149,6.59921266447253e-05,0.0042930878024514,0.00355915431358537,130,"tags=43%, list=4%, signal=42%","2099/367/5468/2908/7124/5970/3725/3569/7422/2353/3586/7157/7040/4609/6774/3091/6720/5465/1956"
"GO:0007268","GO:0007268","chemical synaptic transmission",282,0.757848419798841,1.41744273391895,7.38884384397093e-05,0.00462774105841045,0.00383659624683023,195,"tags=14%, list=7%, signal=15%","5743/760/43/2554/1128/2932/154/6530/1129/1131/2908/6531/7124/148/6532/590/2891/150/1139/207/3553/5594/18/5595/1135/5728/5579/3359/1728/1956/7442/6347/3156/1636/5327/1906/2902/3630/1812/60482"
"GO:0098916","GO:0098916","anterograde trans-synaptic signaling",282,0.757848419798841,1.41744273391895,7.38884384397093e-05,0.00462774105841045,0.00383659624683023,195,"tags=14%, list=7%, signal=15%","5743/760/43/2554/1128/2932/154/6530/1129/1131/2908/6531/7124/148/6532/590/2891/150/1139/207/3553/5594/18/5595/1135/5728/5579/3359/1728/1956/7442/6347/3156/1636/5327/1906/2902/3630/1812/60482"
"GO:0099537","GO:0099537","trans-synaptic signaling",283,0.757696788947701,1.41700567711641,7.50164844571844e-05,0.00462774105841045,0.00383659624683023,195,"tags=14%, list=7%, signal=15%","5743/760/43/2554/1128/2932/154/6530/1129/1131/2908/6531/7124/148/6532/590/2891/150/1139/207/3553/5594/18/5595/1135/5728/5579/3359/1728/1956/7442/6347/3156/1636/5327/1906/2902/3630/1812/60482"
"GO:0051253","GO:0051253","negative regulation of RNA metabolic process",228,0.783086981882471,1.47169640835078,8.17847668120539e-05,0.00495976094328015,0.00411185500225456,186,"tags=15%, list=6%, signal=16%","2099/367/1017/10499/5468/2100/6256/1432/2908/7124/5970/3725/7422/6714/7157/3458/7040/4609/595/6774/5569/3091/6720/5465/7442/6772/3565/196/23411/1906/142/1385/9970/650/4790"
"GO:1902679","GO:1902679","negative regulation of RNA biosynthetic process",213,0.7871122264585,1.48062591277868,8.51689114752514e-05,0.00507890608764083,0.00421063144802208,186,"tags=16%, list=6%, signal=16%","2099/367/1017/10499/5468/2100/6256/2908/7124/5970/3725/7422/6714/7157/3458/7040/4609/595/6774/5569/3091/6720/5465/7442/6772/3565/196/23411/1906/142/1385/9970/650/4790"
"GO:2000628","GO:2000628","regulation of miRNA metabolic process",41,0.914071035223642,1.79136952374424,8.96811073833323e-05,0.00524056714834458,0.00434465541585567,130,"tags=46%, list=4%, signal=45%","2099/367/5468/2908/7124/5970/3725/3569/7422/2353/3586/7157/7040/4609/6774/3091/6720/5465/1956"
"GO:0006357","GO:0006357","regulation of transcription by RNA polymerase II",392,0.734320730848281,1.37133403528677,9.0809156846664e-05,0.00524056714834458,0.00434465541585567,285,"tags=20%, list=10%, signal=20%","2099/367/1017/10499/5468/154/2100/6256/1432/2908/7124/5241/5970/3725/8648/3569/4306/207/3162/7422/6714/2353/3553/3586/7157/5594/3458/7040/5595/4780/4609/595/5728/4792/3558/6774/5569/5579/10891/1019/7099/3091/6720/5465/1956/7442/6772/983/3565/196/23411/4842/5315/1906/3309/142/1385/9970/2902/650/4790/5467/3552/60/3627/8856/5443/387/1991/6257/5925/10096/6648/86/3481/6376/51412"
"GO:0099536","GO:0099536","synaptic signaling",289,0.759608088563456,1.42064225450749,0.000119032666996162,0.00676029972241693,0.0056045790408552,195,"tags=15%, list=7%, signal=15%","5743/760/43/2554/1128/2932/154/6530/1129/1131/2908/6531/7124/148/6532/590/2891/5970/150/1139/207/4988/3553/5594/18/5595/1135/5728/5579/3359/1728/1956/7442/6347/3156/1636/5327/1906/2902/3630/1812/60482"
"GO:0031667","GO:0031667","response to nutrient levels",215,0.773342219533148,1.45477313570381,0.000123567110218771,0.00690817375566817,0.00572717297033712,259,"tags=28%, list=9%, signal=27%","5743/5468/5292/154/6256/1432/7124/596/6532/590/153/5970/581/2155/8648/207/6714/2353/7157/5594/847/7040/5595/1543/4780/5599/7412/5579/1277/10891/1728/1026/4353/6720/5465/1956/7442/7299/6772/3480/5313/23411/1636/2752/2475/3309/1545/2875/51422/5467/3552/3627/355/155/5443/6915/5563/6257/5562/8565"
"GO:0032355","GO:0032355","response to estradiol",64,0.87936252496272,1.69948065044309,0.000134903237690998,0.00742590437628294,0.0061563939079066,146,"tags=30%, list=5%, signal=29%","5743/2099/890/2100/836/6532/2155/8648/842/841/3586/847/7040/6774/1277/1728/4313/1956/3480"
"GO:0009755","GO:0009755","hormone-mediated signaling pathway",64,0.878884415599258,1.69855664289338,0.000141704925358148,0.00768212458987053,0.00636881147781917,75,"tags=22%, list=3%, signal=22%","2099/367/5468/5292/2100/6256/2908/5241/5970/5139/8648/4306/6714/5594"
"GO:0009607","GO:0009607","response to biotic stimulus",494,0.70602425318302,1.31769481613255,0.000143972156180359,0.00768854290766157,0.00637413253913986,328,"tags=22%, list=11%, signal=23%","5743/2099/4843/5468/2932/5292/4129/1129/1432/836/7124/596/3500/5646/5970/581/4069/3569/207/842/6714/3576/2353/841/3553/3586/7157/5594/4846/4318/3458/7040/5595/1543/4780/5599/7412/4792/2950/5972/1728/6401/1019/5578/4353/7099/3091/598/6772/6347/59/5054/196/4057/3593/4842/1636/1906/7018/3309/142/3630/650/4790/653361/2919/834/3135/338/50506/3106/3592/3140/3107/5291/5294/3134/5467/6035/3552/3627/3105/728/51191/2920/2534/5443/6915/387/1991/5562/10096/6648/71/3512/6376/10097/5836/3716/60509/718/1869/3596/84871/5293/103/3551"
"GO:0015031","GO:0015031","protein transport",275,0.751752049335585,1.40490528910395,0.000157575555495142,0.00829125496414146,0.0068738067397107,229,"tags=16%, list=8%, signal=16%","5743/4843/43/5468/1128/2932/1131/1432/7124/150/3569/207/6714/4988/3553/7157/152/18/3458/7040/240/4792/6774/5569/5579/1277/1026/5578/7099/3091/6720/1956/2641/983/3156/3593/3309/3630/1812/338/3592/5467/3552/2746"
"GO:0060603","GO:0060603","mammary gland duct morphogenesis",15,0.955780232644788,1.92362499495819,0.000162110026722544,0.00840622718280088,0.00696912365071133,85,"tags=40%, list=3%, signal=39%","2099/367/2908/5241/6714/7040"
"GO:0008217","GO:0008217","regulation of blood pressure",91,0.840786984328779,1.61450075942573,0.000187049651419578,0.00956090932541784,0.00792640477744917,166,"tags=22%, list=6%, signal=21%","5743/367/4843/5742/5468/154/7124/148/153/6647/4846/18/5972/5465/7442/59/4842/1636/151/1906"
"GO:0099177","GO:0099177","regulation of trans-synaptic signaling",181,0.787084237282703,1.49081386811905,0.000191584133564206,0.00965476098440465,0.00800421183667803,187,"tags=15%, list=6%, signal=15%","5743/760/43/1128/2932/154/1129/7124/148/6532/590/2891/150/1139/3553/5594/5595/5728/5579/1956/6347/3156/1636/5327/1906/2902/3630/1812"
"GO:0051050","GO:0051050","positive regulation of transport",298,0.750568182811437,1.40002114444532,0.000198385859103917,0.00985867505380298,0.00817326536483681,229,"tags=18%, list=8%, signal=19%","5743/760/43/5468/1128/2932/6256/1131/6331/808/1432/7124/6532/150/581/3757/207/7422/6714/6647/3553/18/3458/7040/4780/4792/5579/6401/5444/5578/7099/3091/1956/2641/983/6347/3565/5054/23411/4842/3643/1906/7018/1385/2902/3630/650/1812/3134/5467/3552/60/3627/2746"
"GO:0035265","GO:0035265","organ growth",57,0.870042364550393,1.68874954287186,0.000207454830399589,0.0100307213941855,0.00831589917590385,141,"tags=21%, list=5%, signal=20%","2099/367/5292/1432/148/596/6532/207/6647/5728/5465/983"
"GO:0001503","GO:0001503","ossification",144,0.803003696893736,1.52915775868211,0.000207454830399589,0.0100307213941855,0.00831589917590385,130,"tags=15%, list=4%, signal=15%","5743/43/5468/2932/154/6256/1432/7124/596/3569/207/7422/5594/847/7040/240/5595/5728/1277/4313/3091/1956"
"GO:0060429","GO:0060429","epithelium development",296,0.745002245868649,1.39077543820928,0.000214256561493138,0.0102214663602993,0.00847403495140581,185,"tags=15%, list=6%, signal=16%","2099/367/760/5468/2932/2908/836/7124/596/5241/5970/581/231/3791/207/7422/6714/6647/3553/3586/7157/5594/4318/847/3383/3458/7040/1543/4609/595/7498/5728/1026/4313/3091/1956/6772/983/59/5054/4048/1906/2475/1385/650"
"GO:0043207","GO:0043207","response to external biotic stimulus",484,0.700241358897712,1.30699215897606,0.000221058294603471,0.0102720334817041,0.00851595726852468,328,"tags=21%, list=11%, signal=23%","5743/2099/4843/5468/5292/4129/1129/1432/836/7124/596/3500/5646/5970/581/4069/3569/207/842/6714/3576/2353/841/3553/3586/7157/5594/4846/4318/3458/7040/5595/1543/4780/5599/7412/4792/2950/5972/1728/6401/1019/5578/4353/7099/3091/598/6772/6347/59/5054/196/4057/3593/4842/1636/1906/7018/142/3630/650/4790/653361/2919/834/3135/338/50506/3106/3592/3140/3107/5291/5294/3134/5467/6035/3552/3627/3105/728/51191/2920/2534/5443/6915/387/1991/10096/6648/71/3512/6376/10097/5836/3716/60509/718/1869/3596/84871/5293/103/3551"
"GO:0051707","GO:0051707","response to other organism",484,0.700241358897712,1.30699215897606,0.000221058294603471,0.0102720334817041,0.00851595726852468,328,"tags=21%, list=11%, signal=23%","5743/2099/4843/5468/5292/4129/1129/1432/836/7124/596/3500/5646/5970/581/4069/3569/207/842/6714/3576/2353/841/3553/3586/7157/5594/4846/4318/3458/7040/5595/1543/4780/5599/7412/4792/2950/5972/1728/6401/1019/5578/4353/7099/3091/598/6772/6347/59/5054/196/4057/3593/4842/1636/1906/7018/142/3630/650/4790/653361/2919/834/3135/338/50506/3106/3592/3140/3107/5291/5294/3134/5467/6035/3552/3627/3105/728/51191/2920/2534/5443/6915/387/1991/10096/6648/71/3512/6376/10097/5836/3716/60509/718/1869/3596/84871/5293/103/3551"
"GO:0050804","GO:0050804","modulation of chemical synaptic transmission",180,0.787287992973743,1.49172164193311,0.0002346841032123,0.0107653810422257,0.00892496360124508,187,"tags=16%, list=6%, signal=16%","5743/760/43/1128/2932/154/1129/7124/148/6532/590/2891/150/1139/3553/5594/5595/5728/5579/1956/6347/3156/1636/5327/1906/2902/3630/1812"
"GO:0061180","GO:0061180","mammary gland epithelium development",27,0.930653792516959,1.85163896930272,0.000239240934292754,0.010835494467082,0.00898309064406371,125,"tags=41%, list=4%, signal=39%","2099/367/2908/5241/581/207/6714/5594/7040/595/3091"
"GO:0044706","GO:0044706","multi-multicellular organism process",78,0.854686579245837,1.64762148100624,0.000248354604182293,0.0111076596720531,0.0092087272971803,174,"tags=26%, list=6%, signal=25%","5743/2099/367/596/6532/5241/150/207/7422/6647/2353/3553/4318/7040/1543/4313/1636/151/1906/142"
"GO:0045184","GO:0045184","establishment of protein localization",320,0.734532920995843,1.36879840093577,0.000271138817929304,0.0119769714882846,0.00992942415756697,242,"tags=16%, list=8%, signal=16%","5743/4843/43/5468/1128/2932/1131/1432/7124/150/581/1509/3569/207/6714/4988/3553/7157/152/18/3458/7040/240/5599/4792/6774/5569/5579/1277/1026/5578/7099/3091/6720/1956/2641/983/3156/3593/3309/3630/1812/653361/338/3592/5467/3552/2746/2534/2064"
"GO:0002237","GO:0002237","response to molecule of bacterial origin",169,0.78842945646613,1.49719990137931,0.000280252516753494,0.0122285793285854,0.010138017871776,251,"tags=30%, list=8%, signal=29%","5743/4843/4129/1432/836/7124/5970/3569/207/842/6714/3576/2353/841/3553/3586/5594/4846/4318/5595/1543/5599/7412/4792/2950/5972/1728/6401/1019/5578/4353/7099/6347/5054/196/4057/3593/4842/1636/1906/4790/834/3592/5467/3552/3627/728/2920/6915/387/1991"
"GO:1904951","GO:1904951","positive regulation of establishment of protein localization",110,0.829416428633949,1.58658726186079,0.000293923077053813,0.0126705634903439,0.0105044417392219,141,"tags=19%, list=5%, signal=19%","5743/43/5468/1128/2932/1131/1432/7124/6714/3553/18/3458/7040/5599/5579/5578/7099/3091/1956/2641/983"
"GO:2001057","GO:2001057","reactive nitrogen species metabolic process",47,0.892154205302422,1.74278136552102,0.000303036791116907,0.0129079242692416,0.010701224027161,206,"tags=47%, list=7%, signal=44%","5743/2099/4843/7124/207/4988/3553/3586/4846/3458/1543/5447/1728/7099/5465/7442/4842/3643/1906/1545/5879/5291"
"GO:0044703","GO:0044703","multi-organism reproductive process",76,0.857436579767295,1.65237879411419,0.000307593650115447,0.0129478832954479,0.0107343517774035,174,"tags=26%, list=6%, signal=25%","5743/2099/367/596/6532/5241/150/207/7422/6647/2353/3553/4318/7040/1543/4313/1636/151/1906/142"
"GO:0046209","GO:0046209","nitric oxide metabolic process",46,0.892360358533621,1.73928730078446,0.000325821097939234,0.0133998607865124,0.011109060544377,206,"tags=48%, list=7%, signal=45%","5743/2099/4843/7124/207/4988/3553/3586/4846/3458/1543/5447/1728/7099/5465/7442/4842/3643/1906/1545/5879/5291"
"GO:0032386","GO:0032386","regulation of intracellular transport",57,0.866579851083431,1.68202881492485,0.000325821097939234,0.0133998607865124,0.011109060544377,104,"tags=19%, list=3%, signal=19%","5743/1128/2932/1432/6714/3553/5594/3458/7040/5595/5569"
"GO:0060444","GO:0060444","branching involved in mammary gland duct morphogenesis",12,0.961712166933502,1.93824460283209,0.000339491694894532,0.0138034236855981,0.0114436315336458,85,"tags=42%, list=3%, signal=41%","2099/367/5241/6714/7040"
"GO:0010628","GO:0010628","positive regulation of gene expression",344,0.733214440813107,1.36816805177626,0.000357719170213556,0.0143811145058888,0.0119225620539539,325,"tags=25%, list=11%, signal=25%","5743/367/4843/5468/2932/1432/7124/6532/5241/5970/150/3569/207/3162/7422/6714/6647/3576/841/3553/3586/7157/4846/3458/7040/4780/4609/5599/3558/6774/10891/7099/3091/2152/6772/983/3565/59/5054/23411/3593/5315/3692/2475/1545/1116/3630/650/834/3135/338/3592/5291/5294/2697/2335/3134/72/5467/3552/8856/3105/4241/728/1950/2064/5443/1991/70/5562/4860/58/183/71/6376/729230/8877/718/1869/3596/1499/5293/3184/59341/103"
"GO:1902895","GO:1902895","positive regulation of miRNA transcription",28,0.927799624578237,1.84825337194908,0.000380503531856513,0.0151271292998067,0.0125410403832942,130,"tags=57%, list=4%, signal=55%","367/5468/2908/7124/5970/3725/3569/2353/3586/7157/7040/4609/6774/3091/6720/1956"
"GO:0022411","GO:0022411","cellular component disassembly",93,0.832237195930614,1.59808876787693,0.000385060406241645,0.0151400674014572,0.0125517666256675,157,"tags=19%, list=5%, signal=19%","5644/1803/2932/154/7124/581/3569/3553/4318/7040/4609/5579/4312/5578/4313/983/3480/3643"
"GO:1903829","GO:1903829","positive regulation of protein localization",156,0.792646409755652,1.5098247860734,0.00038961728125617,0.0151527242645063,0.012562259709152,256,"tags=22%, list=9%, signal=22%","5743/43/5468/1128/2932/1131/1432/7124/207/7422/6714/3553/18/3458/7040/5599/5579/5578/7099/3091/1956/2641/983/1906/142/3630/5290/5467/3552/2746/2534/1950/2064/5563/5562"
"GO:0002064","GO:0002064","epithelial cell development",73,0.852446131386995,1.63830640392894,0.000394174156878264,0.0151651089603272,0.0125725271543061,149,"tags=22%, list=5%, signal=21%","2099/367/2932/7124/5241/231/3791/207/7422/6714/3553/3383/7040/1026/3091/59"
"GO:0007565","GO:0007565","female pregnancy",68,0.859247315992875,1.65682547326486,0.000398731033087095,0.0151772301743152,0.0125825761616958,85,"tags=19%, list=3%, signal=19%","5743/2099/367/596/5241/150/207/7422/6647/2353/3553/4318/7040"
"GO:0071216","GO:0071216","cellular response to biotic stimulus",113,0.817048935346918,1.56422556109733,0.000439742942360323,0.016562107871213,0.0137306992971899,248,"tags=32%, list=8%, signal=30%","5743/4843/2932/1432/7124/5970/3569/207/6714/3576/3553/3586/7157/5594/4846/4318/5595/5599/4792/2950/1019/5578/7099/6347/5054/196/4057/3593/3309/4790/834/5467/3552/3627/6915/387"
"GO:0030518","GO:0030518","nuclear receptor-mediated steroid hormone signaling pathway",31,0.920399684041688,1.82004829658284,0.000462527351907379,0.0172213525983059,0.0142772415115842,75,"tags=29%, list=3%, signal=29%","2099/367/2100/2908/5241/8648/4306/6714/5594"
"GO:0022612","GO:0022612","gland morphogenesis",53,0.872351554676751,1.69765906906324,0.000471686013033532,0.0172213525983059,0.0142772415115842,130,"tags=23%, list=4%, signal=22%","2099/367/2908/7124/596/5241/581/3569/6714/7040/4313/1956"
"GO:0030879","GO:0030879","mammary gland development",55,0.869161131396268,1.69032836214182,0.000471686013033532,0.0172213525983059,0.0142772415115842,125,"tags=27%, list=4%, signal=27%","2099/367/2908/6531/5241/581/8648/207/7422/6714/5594/7040/595/7498/3091"
"GO:0032496","GO:0032496","response to lipopolysaccharide",164,0.7870245993126,1.4965790268263,0.000526638086934343,0.0190334452025362,0.0157795441677935,251,"tags=29%, list=8%, signal=28%","5743/4843/4129/1432/836/7124/5970/3569/207/842/6714/3576/2353/841/3553/3586/5594/4846/4318/5595/1543/5599/7412/4792/2950/5972/1728/6401/1019/5578/4353/7099/6347/5054/4057/3593/4842/1636/1906/4790/834/3592/5467/3552/3627/6915/387/1991"
"GO:0043401","GO:0043401","steroid hormone receptor signaling pathway",36,0.906892623569927,1.78301369630654,0.000535796781333576,0.0191708088361153,0.0158934245241897,75,"tags=31%, list=3%, signal=30%","2099/367/2100/6256/2908/5241/5139/8648/4306/6714/5594"
"GO:0030520","GO:0030520","estrogen receptor signaling pathway",12,0.958574753534326,1.93192142756521,0.000544955479545218,0.0192487431162968,0.0159580353922286,65,"tags=42%, list=2%, signal=41%","2099/367/2100/8648/6714"
"GO:0030855","GO:0030855","epithelial cell differentiation",188,0.769760543715579,1.45754051992239,0.000554114181380259,0.0192487431162968,0.0159580353922286,185,"tags=16%, list=6%, signal=17%","2099/367/5468/2932/836/7124/5241/231/3791/207/7422/6714/6647/3553/4318/3383/3458/7040/1543/595/7498/1026/3091/6772/983/59/5054/4048/1906/1385/650"
"GO:0045597","GO:0045597","positive regulation of cell differentiation",263,0.74508714583731,1.39291241521019,0.000554114181380259,0.0192487431162968,0.0159580353922286,285,"tags=23%, list=10%, signal=23%","5743/367/5468/2932/5292/1432/7124/596/5970/5139/8648/3569/3791/207/7422/2353/4988/841/3553/3586/152/3458/7040/3558/6774/1277/5578/3091/1956/6772/3565/5054/4057/23411/3593/1636/151/1906/2475/142/1385/3630/650/4790/3135/338/2697/2335/5467/60/100/387/5925/4860/183/6648/86/627/6376/51412"
"GO:0043434","GO:0043434","response to peptide hormone",228,0.759249816582679,1.42689797424499,0.000563272886661975,0.0193787537353514,0.0160658197835369,193,"tags=22%, list=6%, signal=23%","5743/760/10499/5468/2932/890/1432/5970/1509/2155/8648/3791/207/6714/2353/3553/3586/5594/847/7040/5595/4780/2805/6774/5579/1277/5578/6720/5465/1956/7442/2641/6772/6517/3480/5313/23411/3643/1636/4048/5315/3692/1906/2475/1545/142/2875/1385/3630/4790/5290"
"GO:0060443","GO:0060443","mammary gland morphogenesis",22,0.932417306086937,1.87586021648619,0.000599907739098823,0.019750086622784,0.0163736707078359,85,"tags=32%, list=3%, signal=31%","2099/367/2908/5241/581/6714/7040"
"GO:0060135","GO:0060135","maternal process involved in female pregnancy",26,0.927515167786558,1.84928275365537,0.000581590306914199,0.019750086622784,0.0163736707078359,61,"tags=19%, list=2%, signal=19%","5743/2099/367/5241/207"
"GO:0071383","GO:0071383","cellular response to steroid hormone stimulus",69,0.851734248213043,1.64294162063844,0.000618225182155339,0.019750086622784,0.0163736707078359,174,"tags=30%, list=6%, signal=29%","2099/367/2100/6256/2908/5241/5139/8648/4306/842/6714/5594/7040/5465/1956/3480/23411/1636/1906/1545/142"
"GO:0034612","GO:0034612","response to tumor necrosis factor",86,0.833839995728128,1.60256926490935,0.000618225182155339,0.019750086622784,0.0163736707078359,194,"tags=34%, list=6%, signal=32%","5743/1432/836/7124/5970/207/3576/2353/841/7157/5594/5595/4780/7412/4792/2950/1277/6401/7442/6772/6517/3037/6347/23411/1906/1545/1116/4790/834"
"GO:0033002","GO:0033002","muscle cell proliferation",100,0.8170081317861,1.57015321147808,0.000618225182155339,0.019750086622784,0.0163736707078359,221,"tags=32%, list=7%, signal=31%","5743/5468/5292/1432/7124/3725/3569/207/3162/6714/2353/3586/4846/4318/3458/7040/5728/10891/1026/7099/4313/1956/6772/983/3480/3593/1906/650/5290/3592/2697/5467"
"GO:0040012","GO:0040012","regulation of locomotion",345,0.727533140027555,1.356282475106,0.000599907739098823,0.019750086622784,0.0163736707078359,498,"tags=37%, list=17%, signal=35%","5743/1803/5468/1128/1800/2932/7124/596/150/2155/3569/3791/207/3162/7422/6714/3576/841/3553/5594/4846/4318/5328/3383/3458/7040/5595/4780/5728/6774/1277/6401/5578/7099/4313/3091/1956/2152/3037/6347/3565/3480/59/5054/23411/3643/1636/2752/1906/7018/2475/3309/1545/3630/650/1812/5879/50506/3592/5291/5294/2697/2335/5467/3552/3627/728/100/1950/506/6915/387/1991/183/6648/71/6376/729230/64218/8877/1588/223117/5293/59341/5881/54437/80031/8482/10505/10396/9037/54910/3479/9723/1845/10509/10500/7076/1235/6885/2890/57556/10507/2321/5530/51738/2252/6403/25/7784/2717/6405/3815/104/6750/6364/623/1132/857/351/4233/7010/5894/4314/2041/11035/5340"
"GO:0048646","GO:0048646","anatomical structure formation involved in morphogenesis",343,0.719971005668582,1.34354421093136,0.000590749021584325,0.019750086622784,0.0163736707078359,320,"tags=24%, list=11%, signal=24%","5743/367/5468/5292/1432/836/7124/5970/3569/1139/3791/207/842/3162/7422/3576/841/3553/3586/7157/5594/4846/4318/7040/240/5595/4780/6774/5579/1277/5578/4313/3091/5465/2152/6772/6347/5054/23411/3593/4842/1636/2752/5315/151/1906/1545/1116/650/5290/3135/3592/5291/5294/2697/2335/3552/3627/728/100/2534/1950/2064/506/6915/387/284382/70/58/71/86/6376/729230/10881/3716/4914/64218/8877/1588/718/1499/5293"
"GO:0032101","GO:0032101","regulation of response to external stimulus",375,0.717310653017042,1.33927750839702,0.000609066459329393,0.019750086622784,0.0163736707078359,257,"tags=20%, list=9%, signal=21%","5743/1803/2099/5468/5292/1432/6531/836/7124/5970/2155/3569/3791/207/7422/6714/6647/3576/841/3553/3586/5594/4846/4318/5328/3458/7040/240/5595/4780/5599/5728/4792/3558/6774/2950/6401/5578/7099/5465/2152/5733/6772/6347/3565/3480/5054/196/4057/3593/5327/1906/142/3630/4790/1812/5879/653361/834/3135/3106/3592/5294/3134/5467/3627/3105/728/51191/100/2534/5443/6915/1991/5925"
"GO:0009968","GO:0009968","negative regulation of signal transduction",345,0.725922817286437,1.35328047781834,0.000645701365101155,0.020445305171079,0.0169500367662324,268,"tags=18%, list=9%, signal=18%","5743/2099/367/5468/2932/154/1432/7124/596/5970/581/5139/3569/207/3162/6714/3576/4988/841/3553/3586/7157/4846/4318/3383/5595/4780/4609/7498/5728/4792/5569/5579/2950/7099/3091/5465/598/1956/6772/3480/5054/4057/23411/3593/2475/3309/142/3630/650/3135/3592/5291/3552/100/2534/387/5563/5562/5925/183/6648"
"GO:2000145","GO:2000145","regulation of cell motility",332,0.722960077314696,1.34739462793349,0.000654860097235212,0.0205534160342771,0.0170396653186411,498,"tags=37%, list=17%, signal=34%","5743/1803/5468/1800/2932/7124/596/150/2155/3569/3791/207/3162/7422/6714/3576/841/3553/5594/4846/4318/5328/3383/3458/7040/5595/4780/5728/6774/1277/6401/5578/7099/4313/3091/1956/2152/3037/6347/3565/3480/59/5054/23411/3643/1636/2752/1906/7018/2475/3309/1545/3630/650/1812/5879/50506/3592/5291/5294/2697/2335/5467/3552/3627/728/100/1950/506/6915/387/1991/183/6648/71/6376/729230/64218/8877/1588/223117/5293/59341/5881/54437/80031/8482/10505/10396/9037/54910/3479/9723/1845/10509/10500/7076/1235/6885/57556/10507/2321/5530/2252/6403/25/7784/6405/3815/104/6750/6364/623/857/351/4233/7010/5894/4314/2041/11035/5340"
"GO:0044093","GO:0044093","positive regulation of molecular function",271,0.742687168256237,1.38699854193378,0.000682336305829537,0.0212295591500703,0.0176002170235939,187,"tags=17%, list=6%, signal=17%","2099/367/5468/2932/5292/154/2100/6256/808/1432/7124/5970/150/3569/1139/207/6714/3553/3586/4846/4318/152/3458/5595/5599/595/5728/6774/10891/5447/1026/7099/3091/1956/10598/6347/4985/4057/23411/3643/151/1906/1116/3630/650/1812"
"GO:1902532","GO:1902532","negative regulation of intracellular signal transduction",193,0.759481541134362,1.43585040591548,0.000691495045822583,0.0213290454651138,0.0176826954548824,268,"tags=22%, list=9%, signal=21%","5743/2099/5468/2932/1432/596/5970/5139/207/6714/4988/841/3553/3586/4318/5595/4780/4609/7498/5728/4792/5569/2950/7099/3091/5465/598/6772/3480/23411/2475/3309/142/3630/3135/5291/2534/387/5563/5562/183/6648"
"GO:0032388","GO:0032388","positive regulation of intracellular transport",30,0.905635186586089,1.80375601233461,0.000718971276171434,0.0218006714079779,0.0180736936329269,85,"tags=23%, list=3%, signal=23%","5743/1128/2932/1432/3553/3458/7040"
"GO:0065009","GO:0065009","regulation of molecular function",406,0.711408906723056,1.3291664004929,0.000718971276171434,0.0218006714079779,0.0180736936329269,187,"tags=16%, list=6%, signal=17%","2099/367/5468/2932/5292/154/2100/6256/1131/808/1432/7124/596/5970/150/581/5139/3725/3569/1139/207/6714/6647/4988/3553/3586/7157/4846/4318/152/5328/3458/5595/5599/595/5728/4792/6774/5569/2950/10891/5447/1026/7099/3091/5465/1956/10598/6347/5054/4985/4057/23411/3643/151/1906/1545/1116/142/3630/650/4790/1812"
"GO:2000630","GO:2000630","positive regulation of miRNA metabolic process",31,0.914227900473127,1.80784387673612,0.000783082533027127,0.0235451201947148,0.0195199166569699,186,"tags=58%, list=6%, signal=55%","367/5468/2908/7124/5970/3725/3569/2353/3586/7157/7040/4609/6774/3091/6720/1956/650/4790"
"GO:0009887","GO:0009887","animal organ morphogenesis",259,0.740341853911532,1.38588432324325,0.000792241289264359,0.0236219944415656,0.0195836487118155,186,"tags=17%, list=6%, signal=17%","2099/367/5292/6331/1432/2908/7124/596/6532/5241/5970/581/3569/3791/7422/6714/6647/7157/5594/4846/7040/5595/4609/5728/6774/5579/1277/4313/3091/5465/1956/6772/3037/6347/59/5054/4057/3643/1906/2475/6010/650/4790"
"GO:0006809","GO:0006809","nitric oxide biosynthetic process",43,0.890917902216735,1.73714479750375,0.000847193850113918,0.0250517321959306,0.0207689627631233,206,"tags=47%, list=7%, signal=44%","5743/2099/4843/7124/207/4988/3553/3586/4846/3458/5447/1728/7099/7442/4842/3643/1906/1545/5879/5291"
"GO:0022414","GO:0022414","reproductive process",340,0.715336620827171,1.33452741424525,0.000920463984393221,0.0269952470176963,0.0223802200864547,198,"tags=14%, list=7%, signal=15%","5743/2099/367/1017/2908/836/596/6532/5241/150/581/5139/8648/3791/207/7422/6714/6647/2353/841/3553/4846/4318/18/7040/1543/5728/6774/5972/4313/598/1956/983/3037/3480/23411/3593/3643/1636/5327/151/1906/2475/1545/142/151056/1812/5290/338"
"GO:0030334","GO:0030334","regulation of cell migration",321,0.724515594467863,1.34994915002537,0.00094803053059884,0.02757766860555,0.0228630726164102,498,"tags=37%, list=17%, signal=35%","5743/1803/5468/1800/2932/7124/596/150/2155/3569/3791/207/3162/7422/6714/3576/841/3553/5594/4846/4318/5328/3383/3458/7040/5595/4780/5728/6774/1277/6401/5578/7099/4313/3091/1956/2152/3037/6347/3565/3480/59/5054/23411/3643/1636/2752/1906/2475/3309/1545/3630/650/1812/5879/3592/5291/5294/2697/2335/5467/3552/3627/728/100/1950/506/6915/387/1991/183/6648/71/6376/729230/64218/8877/1588/223117/5293/59341/5881/54437/80031/8482/10505/10396/9037/54910/3479/9723/1845/10509/10500/7076/1235/6885/57556/10507/2321/5530/2252/6403/25/7784/6405/3815/104/6750/6364/623/857/351/4233/7010/4314/2041/11035/5340"
"GO:0071219","GO:0071219","cellular response to molecule of bacterial origin",105,0.812857788513825,1.55846308030209,0.000966438317610918,0.027886421777515,0.0231190422667875,248,"tags=31%, list=8%, signal=30%","5743/4843/1432/7124/5970/3569/207/6714/3576/3553/3586/5594/4846/4318/5595/5599/4792/2950/1019/5578/7099/6347/5054/196/4057/3593/4790/834/5467/3552/3627/6915/387"
"GO:0045137","GO:0045137","development of primary sexual characteristics",78,0.834910534823717,1.60949822460977,0.000984846115224339,0.0281902352021815,0.0233709166543342,172,"tags=24%, list=6%, signal=24%","2099/367/836/596/5241/581/8648/3791/7422/6714/6647/4846/5972/4313/598/23411/3643/1636/1545"
"GO:0090316","GO:0090316","positive regulation of intracellular protein transport",24,0.92305062004932,1.8448250991543,0.00100325392285567,0.0284892264760126,0.0236187932715729,85,"tags=29%, list=3%, signal=29%","5743/1128/2932/1432/3553/3458/7040"
"GO:0051384","GO:0051384","response to glucocorticoid",69,0.846776258811145,1.63337797192976,0.00102166173996351,0.0287835094928302,0.0238627665413773,193,"tags=30%, list=6%, signal=29%","5743/4129/2908/836/7124/596/590/3569/842/2353/3586/7040/2805/1026/1956/3480/1636/1906/1545/2720/5290"
"GO:0050673","GO:0050673","epithelial cell proliferation",163,0.774061801302828,1.47290363326647,0.00107688524328728,0.0298689565928828,0.024762648841971,155,"tags=20%, list=5%, signal=20%","2099/367/5468/6331/7124/5241/581/3569/3791/207/3162/7422/3586/5594/7040/240/4609/595/7498/6774/1019/1026/5578/3091/598/1956/2152/6772/3037/6347/23411/3593"
"GO:0006954","GO:0006954","inflammatory response",341,0.714816258266725,1.33356881550868,0.00107688524328728,0.0298689565928828,0.024762648841971,257,"tags=19%, list=9%, signal=20%","5743/2099/4843/5468/1800/1432/2908/836/7124/3500/5970/4069/3569/207/3162/6714/6647/3576/2353/841/3553/3586/4318/3458/7040/240/4780/5599/7412/4792/3558/6774/2950/6401/7099/3091/5465/1956/7442/2152/5733/6347/3565/5054/196/3593/2475/1116/3630/650/4790/5879/653361/834/5294/2335/4973/5467/3552/3627/728/100/2534/6915/1991/5925"
"GO:2001234","GO:2001234","negative regulation of apoptotic signaling pathway",91,0.817246969862599,1.56929861912038,0.00109529309360562,0.0299157151826024,0.0248014137226247,154,"tags=23%, list=5%, signal=23%","5743/367/2932/7124/596/5970/581/207/3162/6714/3553/3586/4846/4318/3383/4780/2950/3091/598/5054/23411"
"GO:2001233","GO:2001233","regulation of apoptotic signaling pathway",151,0.779647777106145,1.48441034142575,0.00109529309360562,0.0299157151826024,0.0248014137226247,282,"tags=25%, list=9%, signal=24%","5743/367/5468/2932/7124/596/5970/581/207/3162/6714/6647/3553/3586/7157/4846/4318/3383/4780/4609/2950/7099/4313/3091/598/5054/23411/142/3630/5291/3552/355/2534/5925/183/6648/627/6376"
"GO:0060512","GO:0060512","prostate gland morphogenesis",12,0.953410185210772,1.92151270339257,0.00111370095120655,0.030188045480432,0.025027187244817,5,"tags=17%, list=0%, signal=17%","2099/367"
"GO:0009636","GO:0009636","response to toxic substance",106,0.811645164340574,1.55784767414106,0.00116892456426477,0.0312120305293982,0.0258761148633004,152,"tags=21%, list=5%, signal=20%","5743/5742/5292/4129/7124/596/6532/581/6647/2353/4846/847/1543/4780/2950/1728/5444/1026/4353/983/4985/196"
"GO:0040011","GO:0040011","locomotion",412,0.707011117788761,1.32148960226102,0.00116892456426477,0.0312120305293982,0.0258761148633004,498,"tags=34%, list=17%, signal=33%","5743/1803/5468/1128/1800/2932/1432/7124/596/150/2155/3569/3791/207/3162/7422/6714/3576/841/3553/3586/5594/4846/4318/5328/3383/3458/7040/240/5595/4780/5728/7412/6774/1277/6401/5578/7099/4313/3091/1956/2152/3037/6347/3565/3480/59/5054/23411/3643/1636/2752/1906/7018/2475/3309/6010/1545/3630/650/1812/5879/2919/50506/3592/5291/5294/2697/2335/5467/3552/3627/728/2920/100/1950/506/6915/387/1991/183/6648/71/6376/729230/64218/8877/1588/223117/5293/59341/5881/3689/54437/80031/8482/10505/10396/6558/9037/54910/3479/9723/1845/10509/10500/7076/5319/1235/6885/2890/6373/57556/10507/2321/5530/51738/5329/2252/6403/25/7784/2717/6405/796/3815/104/6750/6364/623/1132/857/2921/351/4233/7010/5894/4314/2041/2903/11035/5340"
"GO:0002009","GO:0002009","morphogenesis of an epithelium",138,0.785163040962291,1.49646138869687,0.001224148231351,0.0324444620131397,0.02689785353565,270,"tags=21%, list=9%, signal=20%","2099/367/760/2908/836/7124/596/5241/3791/7422/6714/3586/7040/4609/5728/4313/3091/1956/6772/1906/2475/650/2697/60/3627/1950/387/183/71"
"GO:0003012","GO:0003012","muscle system process",149,0.776284710212594,1.476170943295,0.00126096403591905,0.0331709624702227,0.0275001536409895,264,"tags=26%, list=9%, signal=24%","5743/5468/154/1129/1131/6331/808/147/7124/148/150/3757/3162/6647/3553/4846/152/18/2628/5578/5465/7442/5733/59/4842/151/1906/2475/142/1812/5290/5294/2697/100/6915/387/58/183"
"GO:0048729","GO:0048729","tissue morphogenesis",165,0.769072036381953,1.46130685309603,0.00127937194546974,0.0331709624702227,0.0275001536409895,270,"tags=21%, list=9%, signal=20%","2099/367/760/2908/836/7124/596/5241/3791/7422/6714/3586/4846/7040/4609/5728/4313/3091/1956/6772/59/1906/2475/650/2697/72/60/3627/1950/387/70/58/183/71"
"GO:0001525","GO:0001525","angiogenesis",207,0.745297469637304,1.40505345502916,0.00127937194546974,0.0331709624702227,0.0275001536409895,366,"tags=32%, list=12%, signal=31%","5743/5468/1432/7124/5970/3569/1139/3791/207/3162/7422/3576/841/3553/3586/4846/7040/240/4780/6774/5579/5578/4313/3091/2152/6772/6347/5054/23411/3593/1636/2752/5315/151/1906/1545/1116/5290/3135/3592/5291/5294/2335/3552/3627/728/2534/1950/2064/506/6915/387/71/6376/729230/3716/4914/64218/8877/718/1499/5293/7039/3689/354/6558/9037"
"GO:0050805","GO:0050805","negative regulation of synaptic transmission",25,0.916729075785374,1.82772007623508,0.00131618777808824,0.0333928910307857,0.0276841419566221,71,"tags=20%, list=2%, signal=20%","5743/43/6532/590/3553"
"GO:0008406","GO:0008406","gonad development",77,0.835761780410963,1.61106694158993,0.00133459570078322,0.0333928910307857,0.0276841419566221,172,"tags=25%, list=6%, signal=24%","2099/367/836/596/5241/581/8648/3791/7422/6714/6647/4846/5972/4313/598/23411/3643/1636/1545"
"GO:0043542","GO:0043542","endothelial cell migration",92,0.821438334631761,1.57789922678492,0.00131618777808824,0.0333928910307857,0.0276841419566221,248,"tags=28%, list=8%, signal=27%","5743/1803/5468/7124/5646/3791/207/3162/7422/4846/7040/4780/5578/3091/23411/2752/1906/1545/5879/5290/5291/5294/1950/506/6915/387"
"GO:0080134","GO:0080134","regulation of response to stress",412,0.704744555891115,1.31725312293947,0.00133459570078322,0.0333928910307857,0.0276841419566221,333,"tags=24%, list=11%, signal=25%","5743/2099/5468/2932/5292/1432/1111/836/7124/596/5970/150/581/2155/3569/207/6714/6647/4988/841/3553/3586/7157/5594/4846/4318/5328/3458/7040/240/5595/4780/4609/5599/5728/4792/3558/6774/2950/6401/7099/5465/598/1956/2152/5733/6772/3565/3480/5054/196/4057/23411/3593/5327/1906/2475/3309/142/3630/4790/653361/834/3135/50506/3106/3592/5291/5294/3134/5467/3552/60/355/3105/51191/100/2534/5443/6915/1991/5925/183/71/86/6376/729230/51412/10097/93973/8877/1588/718/3596/59341/103/3551/136"
"GO:0006811","GO:0006811","monoatomic ion transport",386,0.699534166592126,1.3062249611427,0.00129777985959004,0.0333928910307857,0.0276841419566221,538,"tags=32%, list=18%, signal=30%","5743/760/1017/2554/1128/154/6530/4129/6331/808/6531/596/6532/2891/150/581/1139/3757/207/4988/4846/4318/3458/7040/1135/5579/3359/7442/2641/6347/4985/4057/4842/1636/1906/7018/6528/160728/2902/1812/159963/60482/8884/5294/2697/3627/4241/5243/2534/1950/506/183/6340/116443/6376/729230/10768/1140/3596/1499/1137/41/59341/55515/6339/6338/51802/6337/3783/4541/1146/10396/40/2056/6558/2946/5818/9311/1144/1134/1080/5319/1145/2890/6373/5530/1136/170572/1142/25/1141/8973/55584/57053/1188/796/1138/162514/578/9177/1143/623/857/200909/51083/89832/285242/2903/1180/3060/1185/5028/1181/1234/55503/56302/9377/6584/134/206358/9455/1183"
"GO:0002534","GO:0002534","cytokine production involved in inflammatory response",26,0.918928379276583,1.83216238683843,0.00137141155808757,0.0336089764029953,0.0278632860179579,127,"tags=35%, list=4%, signal=33%","4843/1432/7124/3569/240/6774/7099/3091/5465"
"GO:1900015","GO:1900015","regulation of cytokine production involved in inflammatory response",26,0.918928379276583,1.83216238683843,0.00137141155808757,0.0336089764029953,0.0278632860179579,127,"tags=35%, list=4%, signal=33%","4843/1432/7124/3569/240/6774/7099/3091/5465"
"GO:0072359","GO:0072359","circulatory system development",360,0.709481613073617,1.323867798169,0.00135300362750368,0.0336089764029953,0.0278632860179579,320,"tags=26%, list=11%, signal=26%","5743/5468/5292/6331/1432/836/7124/148/5970/581/3569/1139/3791/207/3162/7422/3576/841/3553/3586/7157/5594/4846/7040/240/5595/4780/7498/5728/7412/6774/5579/1277/1026/5578/4313/3091/5465/1956/2152/6772/983/3037/6347/3480/59/5054/196/23411/3593/3643/1636/2752/5315/151/1906/2475/1545/1116/1385/650/5290/3135/338/3592/5291/5294/2697/2335/5467/3552/3627/728/2534/1950/2064/506/6915/387/70/5925/6648/71/6376/729230/3716/4914/64218/8877/718/1499/5293"
"GO:0030850","GO:0030850","prostate gland development",20,0.924601651241395,1.86384214410149,0.00142663537152433,0.0340300090620936,0.0282123401891618,5,"tags=10%, list=0%, signal=10%","2099/367"
"GO:0033157","GO:0033157","regulation of intracellular protein transport",41,0.88582481309999,1.73601340860288,0.0014082274302396,0.0340300090620936,0.0282123401891618,104,"tags=20%, list=3%, signal=19%","5743/1128/2932/1432/3553/3458/7040/5569"
"GO:0050708","GO:0050708","regulation of protein secretion",119,0.78999109670445,1.50771576482653,0.00142663537152433,0.0340300090620936,0.0282123401891618,229,"tags=24%, list=8%, signal=23%","4843/43/5468/1131/7124/150/3569/4988/3553/152/18/3458/7040/240/5579/5578/7099/3091/6720/1956/2641/3156/3593/3630/3592/5467/3552/2746"
"GO:0033365","GO:0033365","protein localization to organelle",165,0.766775119275418,1.45694250157889,0.00142663537152433,0.0340300090620936,0.0282123401891618,257,"tags=20%, list=9%, signal=19%","5743/2099/2932/1432/5241/581/207/7422/6714/7157/3458/7040/5599/4792/6774/5569/1277/1026/6720/983/2752/1906/2475/3309/142/3630/1812/2534/1950/2064/5563/5562/5925"
"GO:0045444","GO:0045444","fat cell differentiation",72,0.842017025983446,1.61879828284175,0.00146345126385606,0.0346770107422317,0.0287487323914003,185,"tags=28%, list=6%, signal=27%","5743/5468/5292/154/1432/7124/153/3569/207/7422/7040/240/595/10891/6720/6517/23411/1385/3630/650"
"GO:0071222","GO:0071222","cellular response to lipopolysaccharide",102,0.812475675748662,1.56095976768664,0.00151867512498459,0.0357488131394398,0.0296373026468599,248,"tags=31%, list=8%, signal=30%","5743/4843/1432/7124/5970/3569/207/6714/3576/3553/3586/5594/4846/4318/5595/5599/4792/2950/1019/5578/7099/6347/5054/4057/3593/4790/834/5467/3552/3627/6915/387"
"GO:0015718","GO:0015718","monocarboxylic acid transport",57,0.844407854001449,1.63899303705661,0.00157389901072944,0.0360987862845509,0.0299274454266907,224,"tags=26%, list=7%, signal=25%","5743/4843/5468/7124/207/3553/5465/2806/1636/1906/160728/159963/8884/5467/3552"
"GO:0030198","GO:0030198","extracellular matrix organization",101,0.796374318043728,1.53171402744217,0.00157389901072944,0.0360987862845509,0.0299274454266907,143,"tags=11%, list=5%, signal=11%","5644/1803/5468/7124/3569/4318/7040/1277/4312/4313/3037"
"GO:0043062","GO:0043062","extracellular structure organization",101,0.796374318043728,1.53171402744217,0.00157389901072944,0.0360987862845509,0.0299274454266907,143,"tags=11%, list=5%, signal=11%","5644/1803/5468/7124/3569/4318/7040/1277/4312/4313/3037"
"GO:0045229","GO:0045229","external encapsulating structure organization",101,0.796374318043728,1.53171402744217,0.00157389901072944,0.0360987862845509,0.0299274454266907,143,"tags=11%, list=5%, signal=11%","5644/1803/5468/7124/3569/4318/7040/1277/4312/4313/3037"
"GO:0048754","GO:0048754","branching morphogenesis of an epithelial tube",58,0.854121763117698,1.65923975904563,0.00162912291858747,0.0368429095813669,0.0305443556236333,90,"tags=17%, list=3%, signal=17%","2099/367/7124/596/5241/3791/7422/6714/7040/4609"
"GO:0036294","GO:0036294","cellular response to decreased oxygen levels",72,0.840378104420906,1.61564741613801,0.00164753089240322,0.0368429095813669,0.0305443556236333,168,"tags=25%, list=6%, signal=24%","5743/5468/890/596/207/7422/6714/2353/7157/7040/4780/4609/3091/6517/4985/23411/1906/2475"
"GO:0001763","GO:0001763","morphogenesis of a branching structure",73,0.83366169208684,1.60220480634226,0.00164753089240322,0.0368429095813669,0.0305443556236333,90,"tags=15%, list=3%, signal=15%","2099/367/7124/596/5241/3791/7422/6714/3586/7040/4609"
"GO:0051090","GO:0051090","regulation of DNA-binding transcription factor activity",90,0.819741368119691,1.57452546630242,0.00162912291858747,0.0368429095813669,0.0305443556236333,183,"tags=22%, list=6%, signal=22%","2099/367/5292/2100/7124/5970/3569/207/3553/3586/5728/4792/10891/7099/4985/4057/23411/1906/1545/3630"
"GO:0046903","GO:0046903","secretion",328,0.717263893199726,1.33689390838701,0.00168434684638379,0.0374322547600074,0.0310329481079406,246,"tags=16%, list=8%, signal=16%","5743/760/4843/43/5468/1128/4129/1131/6531/7124/6532/150/8648/3569/7422/4988/3553/152/18/3458/7040/240/595/7498/5579/5972/5578/7099/3091/6720/1956/7442/2641/5733/3156/3593/1636/151/1906/1385/3630/650/3592/5294/2697/3134/5467/3552/2746/100/1950/5443"
"GO:0050727","GO:0050727","regulation of inflammatory response",154,0.768521943513422,1.46496888705427,0.00170275482641135,0.0376077578327148,0.0311784476986821,333,"tags=31%, list=11%, signal=29%","5743/2099/5468/1432/836/7124/5970/3569/6714/6647/3553/3586/4318/3458/7040/240/4792/3558/6774/2950/6401/7099/5465/5733/3565/5054/196/3593/3630/4790/653361/834/5294/5467/100/2534/1991/5925/183/6376/729230/8877/1588/718/3596/59341/136"
"GO:0048732","GO:0048732","gland development",163,0.767930526193018,1.46123689377539,0.00175797877787988,0.0385892519463448,0.0319921485054278,193,"tags=20%, list=6%, signal=20%","2099/367/2908/6531/7124/596/5241/5970/581/8648/3569/207/7422/6714/6647/3586/5594/7040/5595/1543/595/7498/4313/3091/1956/7299/3643/1906/1545/1385/650/4790/5290"
"GO:0007623","GO:0007623","circadian rhythm",83,0.830299860379516,1.59556027512808,0.00177638676530138,0.0387555600380996,0.0321300250617412,178,"tags=25%, list=6%, signal=24%","4843/10499/5468/2932/7124/6532/153/2155/7157/5599/5728/10891/6720/5465/1956/983/196/23411/2475/142/1385"
"GO:0097190","GO:0097190","apoptotic signaling pathway",237,0.73690654312484,1.38382659231498,0.00179479475442993,0.038919852311214,0.0322662304177579,228,"tags=19%, list=8%, signal=19%","5743/367/5468/2932/836/7124/596/5970/581/5139/207/842/3162/6714/6647/841/3553/3586/7157/4846/4318/3383/3458/7040/4780/4609/3558/2950/1026/5578/7099/4313/3091/598/5054/23411/1545/142/3630/3592/5291/5467/3552/355"
"GO:0007584","GO:0007584","response to nutrient",88,0.823327894243615,1.58557958239636,0.00181320274521356,0.0390089477329837,0.0323400943519014,252,"tags=35%, list=8%, signal=33%","5743/5468/5292/6256/6532/590/5970/2155/8648/847/7040/1543/4780/7412/5579/1277/1728/6720/5465/1956/7299/6772/3480/5313/2475/1545/5467/3552/3627/6915/6257"
"GO:0048589","GO:0048589","developmental growth",187,0.750969699893786,1.42187099141349,0.00183161073760236,0.0390089477329837,0.0323400943519014,221,"tags=17%, list=7%, signal=16%","2099/367/2932/5292/154/1432/1111/6531/148/596/6532/153/207/7422/6714/6647/7157/7040/5728/6774/1026/5465/983/3643/1906/2475/1385/5290/2697/2335/5467"
"GO:0031347","GO:0031347","regulation of defense response",264,0.720742207982367,1.34643317498697,0.00183161073760236,0.0390089477329837,0.0323400943519014,333,"tags=25%, list=11%, signal=24%","5743/2099/5468/5292/1432/836/7124/5970/3569/207/6714/6647/841/3553/3586/4318/3458/7040/240/5595/4780/5599/4792/3558/6774/2950/6401/7099/5465/5733/6772/3565/5054/196/4057/3593/142/3630/4790/653361/834/3135/3106/3592/5294/3134/5467/3105/51191/100/2534/5443/1991/5925/183/6376/729230/8877/1588/718/3596/59341/103/3551/136"
"GO:0043534","GO:0043534","blood vessel endothelial cell migration",53,0.853915873211908,1.66178190272432,0.00185001873154842,0.039167852198108,0.0324718329835157,172,"tags=26%, list=6%, signal=25%","5743/5468/7124/3791/207/3162/7422/4846/7040/4780/5578/3091/23411/1545"
"GO:0061138","GO:0061138","morphogenesis of a branching epithelium",69,0.837977000926498,1.61640475870069,0.00190542407897015,0.0398690488570478,0.0330531551525877,90,"tags=16%, list=3%, signal=16%","2099/367/7124/596/5241/3791/7422/6714/3586/7040/4609"
"GO:0090257","GO:0090257","regulation of muscle system process",92,0.815709070674109,1.56689389529783,0.00190542407897015,0.0398690488570478,0.0330531551525877,174,"tags=22%, list=6%, signal=21%","5743/5468/154/1129/1131/6331/808/147/148/150/6647/4846/152/18/5578/5465/4842/151/1906/142"
"GO:0043535","GO:0043535","regulation of blood vessel endothelial cell migration",46,0.8696457185451,1.69501450841295,0.00194242145350745,0.0399424365554578,0.0331139967089171,154,"tags=28%, list=5%, signal=27%","5743/5468/7124/3791/207/3162/7422/4846/7040/4780/5578/3091/23411"
"GO:0045786","GO:0045786","negative regulation of cell cycle",79,0.820707695967003,1.58118458517174,0.00194242145350745,0.0399424365554578,0.0331139967089171,197,"tags=25%, list=7%, signal=24%","5743/1017/1432/1111/836/7124/596/3586/7157/7040/595/5728/1026/1956/983/6347/23411/891/650/3135"
"GO:0048609","GO:0048609","multicellular organismal reproductive process",211,0.745131602916045,1.40236580817518,0.00194242145350745,0.0399424365554578,0.0331139967089171,257,"tags=19%, list=9%, signal=19%","5743/2099/367/2908/836/596/6532/5241/581/5139/8648/207/6714/6647/4846/18/7040/1543/5728/4313/598/1956/3037/3480/23411/1636/1906/2475/1545/142/1812/5290/338/2697/5467/3552/100/994/284382/5925"
"GO:0071453","GO:0071453","cellular response to oxygen levels",78,0.824073110359334,1.58860638685322,0.00197941884935215,0.0402406854714885,0.0333612578796313,228,"tags=27%, list=8%, signal=26%","5743/5468/890/596/207/7422/6714/2353/7157/7040/4780/4609/3091/6517/4985/23411/1906/2475/5291/5467/355"
"GO:0048514","GO:0048514","blood vessel morphogenesis",234,0.73187539463801,1.37443163845305,0.00197941884935215,0.0402406854714885,0.0333612578796313,320,"tags=29%, list=11%, signal=28%","5743/5468/1432/7124/5970/581/3569/1139/3791/207/3162/7422/3576/841/3553/3586/4846/7040/240/4780/7498/6774/5579/5578/4313/3091/2152/6772/3037/6347/5054/23411/3593/1636/2752/5315/151/1906/1545/1116/5290/3135/338/3592/5291/5294/2697/2335/3552/3627/728/2534/1950/2064/506/6915/387/71/6376/729230/3716/4914/64218/8877/718/1499/5293"
"GO:0009894","GO:0009894","regulation of catabolic process",249,0.733630374405395,1.37821722720964,0.0020164162653316,0.0405322325694183,0.0336029629550825,210,"tags=18%, list=7%, signal=19%","4843/1017/2932/154/1432/836/7124/148/596/5970/150/581/3569/3791/207/3162/6714/3553/3586/7157/3458/5595/4780/5599/5728/6774/1728/5578/3091/6720/5465/598/1956/3565/3156/23411/3643/3692/7018/2475/5709/3630/5290/5291/51422/5294"
"GO:0034097","GO:0034097","response to cytokine",358,0.69889940335944,1.30364844648435,0.0020164162653316,0.0405322325694183,0.0336029629550825,248,"tags=18%, list=8%, signal=19%","5743/4843/5468/2932/5292/1432/836/7124/596/5970/3569/3791/207/6714/3576/2353/841/3553/3586/7157/5594/3383/3458/5595/4780/7412/4792/3558/6774/2950/1277/6401/1019/5578/7099/4313/3091/598/1956/7442/2152/6772/6517/3037/6347/3565/3480/23411/3593/3643/1906/3309/1545/1116/1385/4790/834/50506/3592/3552/3627/355/2064/506/387"
"GO:0010817","GO:0010817","regulation of hormone levels",225,0.741333215528959,1.39307223566602,0.00205341370035767,0.041045330837317,0.0340283434731427,233,"tags=20%, list=8%, signal=19%","1803/2099/4843/5468/1131/2908/7124/590/150/231/3569/3553/124/152/18/3458/240/1543/1576/5579/1544/5972/5578/3091/6720/1956/2641/3480/1636/1906/1545/6528/1385/3630/151056/650/4790/3284/50506/2697/1733/5467/2746/57665"
"GO:0048806","GO:0048806","genitalia development",20,0.920749445709141,1.85607674263469,0.00209041115341923,0.0415527283718556,0.0344489978382186,48,"tags=15%, list=2%, signal=15%","2099/367/581"
"GO:0060740","GO:0060740","prostate gland epithelium morphogenesis",11,0.954713707298357,1.94110240883021,0.00212740862357548,0.041594907405208,0.0344839660698055,5,"tags=18%, list=0%, signal=18%","2099/367"
"GO:0044057","GO:0044057","regulation of system process",191,0.753596767512463,1.42461855736849,0.00212740862357548,0.041594907405208,0.0344839660698055,264,"tags=23%, list=9%, signal=22%","5743/5468/154/1129/1131/6331/808/147/7124/146/148/153/150/1139/3757/6714/6647/4846/152/18/1135/5728/5972/5578/4313/6720/5465/1956/7442/5733/4842/1636/151/1906/142/2902/5294/2697/100/5443/6915/387/55/183"
"GO:0043065","GO:0043065","positive regulation of apoptotic process",201,0.744564228775252,1.40491179196655,0.00212740862357548,0.041594907405208,0.0344839660698055,206,"tags=19%, list=7%, signal=19%","5743/5468/2932/2908/836/7124/596/581/1509/3725/8648/3569/842/3162/6714/6647/841/3586/7157/4318/3458/7040/4609/5599/1728/7099/4313/598/7442/2152/6347/23411/3593/1636/1545/650/3135/3592/5291"
"GO:0071456","GO:0071456","cellular response to hypoxia",70,0.838457742170153,1.61419853967869,0.00216440610994993,0.0418607841156802,0.0347043892906907,168,"tags=24%, list=6%, signal=23%","5743/5468/890/596/7422/6714/2353/7157/7040/4780/4609/3091/6517/4985/23411/1906/2475"
"GO:0031960","GO:0031960","response to corticosteroid",82,0.817959163073451,1.57194765938345,0.00216440610994993,0.0418607841156802,0.0347043892906907,193,"tags=28%, list=6%, signal=27%","5743/4129/2908/836/7124/596/590/3569/842/6714/2353/3586/7040/2805/1026/1956/3480/1636/1906/1545/142/2720/5290"
"GO:0042391","GO:0042391","regulation of membrane potential",197,0.738561585446867,1.39446652424686,0.00227539865847252,0.0437708408602939,0.0362879084299692,505,"tags=38%, list=17%, signal=33%","2554/1128/2932/154/6331/808/7124/148/596/6532/2891/153/581/1139/3757/3791/207/6714/6647/18/1135/5728/3359/598/7442/4985/4057/4842/1906/2475/142/2902/1812/2697/183/6648/116443/213/1140/1137/41/3783/2729/1146/40/1144/1134/1080/1145/2890/5530/51738/1136/170572/1142/25/1141/8973/55584/57053/1138/578/9177/1143/857/200909/89832/351/4233/572/285242/2903/1180/3060"
"GO:0007049","GO:0007049","cell cycle",293,0.714690392342833,1.33527087658004,0.00231239620206287,0.0442446717164758,0.0366807345759256,318,"tags=21%, list=11%, signal=21%","5743/1017/890/5292/808/1432/1111/2908/836/7124/596/6532/581/5139/3725/207/3553/3586/7157/7040/1543/4609/595/5728/6774/5569/5579/1019/1026/5578/598/1956/983/6347/3480/5054/23411/3643/891/1906/3630/650/3135/2697/3552/60/5243/1950/332/387/994/5925/10096/86/3481/51412/10097/93973/8877/1869/1499"
"GO:1902170","GO:1902170","cellular response to reactive nitrogen species",13,0.938511418301551,1.88539975845066,0.00234939375828211,0.0444768828948856,0.0368732476237203,17,"tags=23%, list=1%, signal=23%","1017/1800/890"
"GO:0003006","GO:0003006","developmental process involved in reproduction",218,0.737490332222833,1.3883892989644,0.00234939375828211,0.0444768828948856,0.0368732476237203,318,"tags=20%, list=11%, signal=19%","5743/2099/367/836/596/5241/581/5139/8648/3791/207/7422/6714/6647/841/3553/4846/7040/5972/4313/598/23411/3643/1636/1906/2475/1545/142/5290/338/2697/5467/3552/994/284382/5925/3481/10881/8644/4914/1588/718/1499"
"GO:0007610","GO:0007610","behavior",245,0.734698359695858,1.37903960334874,0.00242338890629385,0.0456362395090494,0.0378344040882884,187,"tags=16%, list=6%, signal=17%","5743/1803/10499/2908/6531/836/596/6532/590/153/8648/1139/207/6714/6647/2353/4988/7157/5594/18/2628/5728/6774/5972/3091/5465/1956/7442/2641/6517/3156/4985/3643/1636/2475/142/1385/2902/3630/1812"
"GO:0045595","GO:0045595","regulation of cell differentiation",426,0.690522546868634,1.29131960489345,0.00246038649701664,0.0460903816037986,0.0382109074047555,285,"tags=19%, list=10%, signal=21%","5743/367/5468/2932/5292/1432/7124/596/6532/5970/5139/8648/3569/3791/207/7422/6647/2353/4988/841/3553/3586/7157/5594/4318/152/3458/7040/240/4780/4609/595/7498/5728/4792/3558/6774/1277/5578/7099/3091/5465/1956/7442/6772/983/3565/5054/4057/23411/3593/1636/151/3692/1906/2475/142/1385/3630/650/4790/3135/338/3106/2697/2335/5467/3552/60/3627/100/2064/387/5925/4860/183/6648/86/3481/627/6376/729230/51412"
"GO:0001963","GO:0001963","synaptic transmission, dopaminergic",18,0.931389059597876,1.88936397844404,0.00253438170945597,0.0462653967164973,0.0383560024556763,39,"tags=22%, list=1%, signal=22%","5743/6530/6531/6532"
"GO:0001655","GO:0001655","urogenital system development",24,0.912626271075231,1.82399081313355,0.00253438170945597,0.0462653967164973,0.0383560024556763,5,"tags=8%, list=0%, signal=8%","2099/367"
"GO:0006937","GO:0006937","regulation of muscle contraction",65,0.834119929880428,1.61095549740549,0.00253438170945597,0.0462653967164973,0.0383560024556763,83,"tags=18%, list=3%, signal=18%","5743/154/1129/1131/6331/808/147/148/150/6647/152/18"
"GO:0040007","GO:0040007","growth",248,0.729745540077401,1.37020689115362,0.00249738409822372,0.0462653967164973,0.0383560024556763,221,"tags=15%, list=7%, signal=15%","2099/367/2932/5292/154/2100/1432/1111/6531/148/596/6532/153/207/7422/6714/6647/7157/7040/5728/3558/6774/5579/1026/3091/5465/598/1956/983/3643/1906/2475/1385/3630/5290/2697/2335/5467"
"GO:0002682","GO:0002682","regulation of immune system process",478,0.677670986815719,1.26551646331877,0.00249738409822372,0.0462653967164973,0.0383560024556763,354,"tags=22%, list=12%, signal=23%","1803/2099/4843/5468/5292/1432/836/7124/596/3500/5970/581/2155/3569/207/3162/7422/6714/6647/3576/2353/841/3553/3586/5594/3383/3458/7040/5595/4780/4609/5599/7412/4792/3558/6774/5579/6401/1026/5578/7099/3091/6772/6347/3565/5054/196/4057/23411/3593/3692/1906/2475/142/1385/3630/4790/5879/653361/5290/834/3135/3106/3592/3140/3107/5291/2335/3134/3552/60/3627/3105/728/100/2534/2064/5443/387/1991/5562/5925/4860/86/3481/6376/729230/51412/8877/1588/718/3596/1499/5293/59341/103/3551/5881/136/2208/3689/3783/8482/354"
"GO:0048659","GO:0048659","smooth muscle cell proliferation",78,0.819780231669199,1.580330792832,0.00260837696028983,0.0468983555975729,0.038880752573905,221,"tags=36%, list=7%, signal=34%","5743/5468/7124/3725/3569/207/3162/6714/3586/4846/4318/3458/7040/5728/10891/1026/7099/4313/1956/6772/3480/3593/1906/650/5290/3592/2697/5467"
"GO:0048608","GO:0048608","reproductive structure development",103,0.791739346366042,1.52100648039491,0.00260837696028983,0.0468983555975729,0.038880752573905,172,"tags=18%, list=6%, signal=18%","2099/367/836/596/5241/581/8648/3791/7422/6714/6647/4846/5972/4313/598/23411/3643/1636/1545"
"GO:0061458","GO:0061458","reproductive system development",103,0.791739346366042,1.52100648039491,0.00260837696028983,0.0468983555975729,0.038880752573905,172,"tags=18%, list=6%, signal=18%","2099/367/836/596/5241/581/8648/3791/7422/6714/6647/4846/5972/4313/598/23411/3643/1636/1545"
"GO:0050806","GO:0050806","positive regulation of synaptic transmission",61,0.839153525936871,1.62698741680438,0.00271936990167501,0.0481678490504613,0.0399332172116737,187,"tags=21%, list=6%, signal=20%","5743/760/2932/7124/148/1139/5594/1956/6347/3156/2902/3630/1812"
"GO:1903522","GO:1903522","regulation of blood circulation",96,0.806395025171041,1.54989674298598,0.00271936990167501,0.0481678490504613,0.0399332172116737,248,"tags=28%, list=8%, signal=27%","5743/1129/6331/808/147/7124/146/148/153/150/3757/6714/4846/152/4313/6720/1956/7442/4842/1636/151/1906/5294/2697/100/6915/387"
"GO:1901652","GO:1901652","response to peptide",363,0.696149754290489,1.29902458749763,0.00271936990167501,0.0481678490504613,0.0399332172116737,248,"tags=18%, list=8%, signal=19%","5743/4843/5468/2932/5292/1432/836/7124/596/5970/3569/3791/207/6714/3576/2353/841/3553/3586/7157/5594/3383/3458/5595/4780/7412/4792/3558/6774/2950/1277/6401/1019/5578/7099/4313/3091/598/1956/7442/2152/6772/6517/3037/6347/3565/3480/23411/3593/3643/1906/3309/1545/1116/1385/4790/834/50506/3592/3552/3627/355/2064/506/387"
"GO:0043068","GO:0043068","positive regulation of programmed cell death",209,0.739034812876506,1.39168588221451,0.00275636756477388,0.0485826755998076,0.0402771262511423,206,"tags=20%, list=7%, signal=20%","5743/5468/2932/2908/836/7124/596/581/1509/3725/8648/3569/842/3162/6714/6647/841/3586/7157/4318/3458/7040/4609/5599/1728/1026/7099/4313/598/7442/2152/6347/23411/3593/1636/1545/142/650/3135/3592/5291"
